Entry	EC number	Sequence
Q2NQQ7	2.7.7.87	MMIESSSQDVASLVIALRQQQVIAYPTEAVFGLGCNPDSESAVQALLALKQRPWQKGLILVAAHYAQLKEYIDDDALDDAARSRIFASWPGPVTWVIPVCPTTPSWLTGQHASLAVRVSAFEPVRRLCLAFGKPLVSTSANLTGQPPARSADEVRGQLGAAFLVLDEAVEGRLNPTEIRDALSGELIRQG
A7A0P8	3.6.4.13	MVVGTKKYSNLDFVPTISDSEDDVPILDSSDDEKVEAKKTTKKRKGKNNKKKVSEGDNLDEDVHEDLDAGFKFDLDADDTTSNFQGWNFLAEGESNKDDAEAFVKKDVDLDKIIRRKGGLVKMAHIDSKQEEETEKEKVEKENDSDDEELAMDGFGMGAPMNNGDENQSEEEEEEEEEEEEEEEEEEEEQEEMTLEKGGKDDEIDEEDDSEEAKADFYAPETEGDEAKKQMYENFNSLSLSRPVLKGLASLGYVKPSPIQSATIPIALLGKDIIAGAVTGSGKTAAFMIPIIERLLYKPAKIASTRVIVLLPTRELAIQVADVGKQIARFVSGITFGLAVGGLNLRQQEQMLKSRPDIVIATPGRFIDHIRNSASFNVDSVEILVMDEADRMLEEGFQDELNEIMGLLPSNRQNLLFSATMNSKIKSLVSLSLKKPVRIMIDPPKKAATKLTQEFVRIRKRDHLKPALLFNLIRKLDPTGQKRIVVFVARKETAHRLRIIMGLLGMSVGELHGSLTQEQRLDSVNKFKNLEVPVLICTDLASRGLDIPKIEVVINYDMPKSYEIYLHRVGRTARAGREGRSVTFVGESSQDRSIVRAAIKSVEENKSLTQGKALGRNVDWVQIEETNKLVESMNDTIEDILVEEKEEKEILRAEMQLRKGENMLKHKKEIQARPRRTWFQSESDKKNSKVLGALSRNKKVTNSKKRKREEAKADGNGARSYRKTKTDRIADQERTFKKQKSTNSNKKKGFKSRR
O69177	3.4.21.53	MTNKTSPATESATYPVLPLRDIVVFPHMIVPLFVGREKSIRALEEVMGTDKQIMLVTQINATDDDPEPSAIYKVGTIANVLQLLKLPDGTVKVLVEGRSRAEIERYTPRDDFYEAMAHALPEPDEDPVEIEALSRSVVSEFESYVKLNKKISPEVVGVASQIEDYSKLADTVASHLSIKIVEKQEMLETTSVKMRLEKALGFMEGEISVLQVEKRIRSRVKRQMEKTQREYYLNEQMKAIQKELGDSEDGRDEMAELEERISKTKLSKEAREKADAELKKLRQMSPMSAEATVVRNYLDWLLGLPWGKKSKIKTDLNHAEKVLDTDHFGLDKVKERIVEYLAVQARSSKIKGPILCLVGPPGVGKTSLAKSIAKATGREYIRMALGGVRDEAEIRGHRRTYIGSMPGKVVQSMKKAKKSNPLFLLDEIDKMGQDFRGDPSSALLEVLDPEQNSTFMDHYLEVEYDLSNVMFITTANTLNIPPPLMDRMEVIRIAGYTEDEKREIAKRHLLPKAIRDHALQPNEFSVTDGALMAVIQNYTREAGVRNFERELMKLARKAVTEILKGKTKKVEVTAENIHDYLGVPRFRHGEAERDDQVGVVTGLAWTEVGGELLTIEGVMMPGKGRMTVTGNLRDVMKESISAAASYVRSRAIDFGIEPPLFDKRDIHVHVPEGATPKDGPSAGVAMATAIVSVMTGIPISKDVAMTGEITLRGRVLPIGGLKEKLLAALRGGIKKVLIPEENAKDLADIPDNVKNSLEIIPVSRMGEVIAHALLRLPEPIEWDPASQPAALPSVDSQDEAGTSIAH
P9WHS9	3.5.1.18	MLDLRGDPIELTAALIDIPSESRKEARIADEVEAALRAQASGFEIIRNGNAVLARTKLNRSSRVLLAGHLDTVPVAGNLPSRRENDQLHGCGAADMKSGDAVFLHLAATLAEPTHDLTLVFYDCEEIDSAANGLGRIQRELPDWLSADVAILGEPTAGCIEAGCQGTLRVVLSVTGTRAHSARSWLGDNAIHKLGAVLDRLAVYRARSVDIDGCTYREGLSAVRVAGGVAGNVIPDAASVTINYRFAPDRSVAAALQHVHDVFDGLDVQIEQTDAAAGALPGLSEPAAKALVEAAGGQVRAKYGWTDVSRFAALGIPAVNYGPGDPNLAHCRDERVPVGNITAAVDLLRRYLGG
A1KF54	1.2.1.79	MPIATINPATGETVKTFTAATDDEVDAAIARAHRRFADYRQTSFAQRARWANATADLLEAEADQAAAMMTLEMGKTLAAAKAEALKCAKGFRYYAENAEALLADEPADAAKVGASAAYGRYQPLGVILAVMPWNFPLWQAVRFAAPALMAGNVGLLKHASNVPQCALYLADVIARGGFPDGCFQTLLVSSGAVEAILRDPRVAAATLTGSEPAGQSVGAIAGNEIKPTVLELGGSDPFIVMPSADLDAAVSTAVTGRVQNNGQSCIAAKRFIVHADIYDDFVDKFVARMAALRVGDPTDPDTDVGPLATEQGRNEVAKQVEDAAAAGAVIRCGGKRLDRPGWFYPPTVITDISKDMALYTEEVFGPVASVFRAANIDEAVEIANATTFGLGSNAWTRDETEQRRFIDDIVAGQVFINGMTVSYPELPFGGVKRSGYGRELSAHGIREFCNIKTVWIA
A0A0F7GG11	4.1.3.17	MVAYENVLANKASSGRLCKALGIRLVTNPLVVQLAKNAGFDALFIDLEHSTLSLADASAIACAGLLSGLTPFVRVPYQCGMGFVQQVLDGGAMGIIFPHVHTAADARAAVDTCKFPPHGRRSMWGQQPVLGLRVTPLHKIAEVCDRVASSVVVMIEAADSIEQADAIAAVEGVDVLLVGCIDLSTDMGIAGNFESKRFRAALEAVSAACHRHGKLMGLAGLYNNRKLQEWAVHSLRARFILCQQDSNLLALGAMECAGAVASIQLDRCPD
B8G381	2.1.3.15	MKEFFRLSRKGFTGRDDVDSAQIPDDLWVKCSACRELIYKKQLNDNLKVCPKCGHHMRMSAHEWIGLLDVGSFREMDSNLLPTDPLGFVAADESYATKLAKTQQRTGMTDAVISGVGAISGIRLCIAVADFSFMGASMGSVYGEKMARAAERAAELGIPLLTINTSGGARQQEGVIGLMQMAKITMALTRLAEAGQPHIALLVDPCYGGVTASYPSVADIIIAEPGANIGFAGKRLIEQIMRQKLPAGFQTAEFMLEHGMIDMVVPRSEMRETLARILKHYQQRQAPAAKADLAARRATLPQPIM
B3QEE3	1.3.5.2	MIRAFDAVSLPLLRWLDPEDAHRLAIQGLKLWPPVKPRPDDSKLAVRAFGLNFSNPVGIAAGFDKNAEAPDALLRLGFGFVEVGTVTPKPQAGNPRPRLFRLERDEAVINRMGFNNEGAEAVLRRLAARAQYGGIVGVNVGANKDSDDRVADYVKLIETFAPLASYFTVNVSSPNTPGLRNLQQAAALDDLLARVIDARERVRAAAGDTPVLLKIAPDLSLGELDDVVHIARSRRVDGMIVANTTLSRSPTLRERTKMNEQGGLSGRPLFRLSTRMVAETFVRAEGAFPLIGVGGIDSGGAALTKIRAGATLVQLYSALVYKGLGLVESIKADLASTLLRTGRDSLAEIVGADAPMITAEEWPV
Q5BB37	6.3.5.5	MMFSRFFKAVPARAPAFSSPLPVYQARTMATVRNQRPVERATFTIRDGPIFHGKSFGARTTISGEAVFTTSLVGYPESLTDPSYRGQILVFTQPLIGNYGVPSTERDRHGLLKYFESPNLQAAGVVVADVAEQYSHWTAVQSLGEWCAREGVPAISGVDTRAIVTYLREQGSSLARITVGEEYDADQDEAFTDPEQIHLVRQVSTKAPFHVSAADPQCHVAVLDCGVKENILRSLVSRGASITVFPFDYPIHKVAHHFDGVFISNGPGDPTHCQDTTYHLRRLMETSQVPIFGICLGHQLLALAAGARTVKLKYGNRAHNIPALDLTTGRCHITSQNHGYAVDASTLPSDWKPYFVNLNDSSNEGMIHKSRPIFSTQFHPEAKGGPLDSSYLFDIYIDSVKKYKNSQLAFHPSRETIPSPLLVDLLPKERVDVAPTIGMQNVAAAAAAAAAATA
P0DJF9	2.4.2.28	MGMIISMAMTAVTIWTKTKPGRVSCFIRKNSTMVNAPIGIIGGSGLYQMEALKNVEEVTLDTPFGAPSDSFIVGELAGVRVAFLARHGRGHHLLPSEIPFRANIHGMKQLGVKYLISASAVGSLQAEAKPLDMVVPDQFIDRTRQRISTFFGEGIVAHIGFGNPICPQLAQCLSTAIAGLELEGVTLHDRGTYVSMEGPAFSTIAESNLYRSWGGTVIGMTNLPEAKLAREAEIAYATLALVTDYDCWHPDHDHVTVEMVIGNLQKNAVNAQQVILETVKQLAANPFESIAHRALQYAVLTPPDKFPAATYEKLSLLLGKYYPPAP
Q5EA80	2.5.1.60	MHGRLKVKTSEEQAEAKRLEREQKLKLYQAATQTVFQKRQAGELDESVLELTSQILGANPDFATLWNCRREVLQQLEVQKSPEELATLVKAELGFLESCLRVNPKSYGTWHHRCWLLSRLPEPNWARELELCARFLEVDERNFHCWDYRRFVAAQAAVPPAEELAFTDSLITRNFSNYSSWHYRSCLLPQLHPQPDSGPQGRLPEDVLLKELELVQNAFFTDPNDQSAWFYHRWLLGRADPQDALRCLHVSRDEACLTVSFSRPLLVGSGMETLLLMVDESPLAVEWRTPEGRNRPSHIWLCDLPATSLNDQLPQHTFRVIWTAGDAQKECVLLKGRQEGWCRDSATDEQLFRCELSVEKSTVLQSELESCKELQELEPENKWCLLTIILLMRALDPLQYEKETLQYFQTLKAVDPMRAAYLDDLRSKFLLENSVLKMEYAEVRVLHLGHKDLTVLCHLEQLLLVTHLDLSHNRLRALPPALAALRCLEVLQANDNAIESLDGVTNLPRLQELILCNNRLQQPAVLQPLTSCPRLTLLNLQGNPLCQAEGSSEHLAELLPSVSSILT
Q65K51	3.5.4.2	MDKEMFIRRLGAASHRKKAETVIKNGKIMDVFNQEWLETDIAITDGAIVGLGEYEGGNIIDAEGQMIVPGFIDGHVHIESSMVTPPEFAKAVIPHGVTTVVTDPHEIANVSGVKGLEFMLEQAEMTRLNIYFMLPSCVPAAPFEKSGAILNAADLHPFYSREEVLGLAEVMDYVAVEAGEPDMVQKLIDADKAGKRIDGHLAGLSAGFVNVYRAAGVLTDHEVTTPEEALERVRRGMYVMLREGSAAKNTRHVLPAVNEKNVRRFFFCTDDKHLDELVDEGSINYQVKLAIQEGLDPFLAYQMGSLNAAECFGLKTKGAVAPGYDADLLFISDFENVSITKTMINGVIWSGTEQSQSTGGKAASGLLQSVHLSDLHENDLQIPIVQENEIRVIDIIPNQLETKLSLAKPKSGAFFQPDLESDLLKIAVVERHRGVKEIGLGVVRGFGLKEGAIATTISHDSHNLIAVGTNDQDILKAIERLGEIGGGLTIAKGGKELQSVALPIAGLLSDKPLETVNESLKSLHAAITETGFSGAFNPFLTLSFLALPVIPDIKMTTEGLFDVKAFRHIPVQP
P53667	2.7.11.1	MRLTLLCCTWREERMGEEGSELPVCASCGQRIYDGQYLQALNADWHADCFRCCDCSASLSHQYYEKDGQLFCKKDYWARYGESCHGCSEQITKGLVMVAGELKYHPECFICLTCGTFIGDGDTYTLVEHSKLYCGHCYYQTVVTPVIEQILPDSPGSHLPHTVTLVSIPASSHGKRGLSVSIDPPHGPPGCGTEHSHTVRVQGVDPGCMSPDVKNSIHVGDRILEINGTPIRNVPLDEIDLLIQETSRLLQLTLEHDPHDTLGHGLGPETSPLSSPAYTPSGEAGSSARQKPVLRSCSIDRSPGAGSLGSPASQRKDLGRSESLRVVCRPHRIFRPSDLIHGEVLGKGCFGQAIKVTHRETGEVMVMKELIRFDEETQRTFLKEVKVMRCLEHPNVLKFIGVLYKDKRLNFITEYIKGGTLRGIIKSMDSQYPWSQRVSFAKDIASGMAYLHSMNIIHRDLNSHNCLVRENKNVVVADFGLARLMVDEKTQPEGLRSLKKPDRKKRYTVVGNPYWMAPEMINGRSYDEKVDVFSFGIVLCEIIGRVNADPDYLPRTMDFGLNVRGFLDRYCPPNCPPSFFPITVRCCDLDPEKRPSFVKLEHWLETLRMHLAGHLPLGPQLEQLDRGFWETYRRGESGLPAHPEVPD
Q97Q48	6.1.1.7	MKQLSSAQVRQMWLDFWATKGHSVEPSVSLVPVNDPTLLWINSGVATLKKYFDGTIIPENPRITNAQKAIRTNDIENVGKTARHHTMFEMLGNFSIGDYFRDEAITWAYELLTSPEWFDFPAEKLYMTYYPDDKDSYNRWIEVGVDPSHLIPIEDNFWEIGAGPSGPDTEIFFDRGEAFDPENIGLRLLAEDIENDRYIEIWNIVLSQFNADPAVPRSEYKELPHKNIDTGAGLERLVAVIQGAKTNFETDLFMPIIREVEKLSGKVYDQDGDNMSFKVIADHIRSLSFAIGDGALPGNEGRGYVLRRLLRRASMHGQKLGINEPFLYKLVPTVGKIMESYYPEVLEKRDFIEKIVKSEEESFARTLHSGQHFAQGIVADLKEKGQSVIAGSDVFKLYDTYGFPVELTEEIAEEAGMTVDREGFEAAMKEQQERARASAVKGGSMGMQNETLQNITVESVFNYNASQLSSKLVAIVADNAEVGAVSEGTASLIFAETSFYAEMGGQVADYGQILDESGKVVATVTNVQKAPNGQALHTVEVLAPLALNQEYTLAIDSNRRHRVMKNHTATHLLHAALHNILGNHATQAGSLNEVEFLRFDFTHFQAVTAEELRAIEQQVNEKIWEALEVKTVETDIDTAKEMGAMALFGEKYGKEVRVVTIGDYSIELCGGTHVDNTSEIGLFKIVKEEGIGSGTRRILAVTGKEAFEAYREQEDALKAIAATLKAPQVKEVPHKVEGLQEQLRQLQKENAELKEKAAAAAAGDIFKDVKEVNGHRYIASQVSVSDAGALRTFADNWKQKDYSDLLVLVAAIGDKVNVLVASKTKDLHAGNLVKELAPIIDGRGGGKPDMAMAGGSNQPKIQELLDAVAGKL
Q8XDZ0	3.5.1.96	MDNFLALTLTSKKPVITEREINGVRWRWLGDGVLELTPLTPPQGALVISAGIHGNETAPVEMLDALLGAISHGEIPLRWRLLVILGNPPALKQGKRYCHSDMNRMFGGRWQLFAESGETCRARELEQCLEDFYDQGKESVRWHLDLHTAIRGSLHPQFGVLPQRDIPWDEKFLTWLGAAGLEALVFHQEPGGTFTHFSARHFGALACTLELGKALPFGQNDLRQFAVTASAIAALLSGESVGIVRTPPLRYRVVSQITRHSPSFEMHMASDTLNFMPFKKGTLLAQDGEERFTVTHDVEYVLFPNPLVALGLRAGLMLEKIS
O59802	2.4.1.198	MDEVCAAPAPKKMVAKSLVLNTFRKASVKEVVELKKPWKKVLWRKQDYPDNFIDESFLNGLQRNVNIQVTDFWSLVADSLPVSQHLSSVVIFASVFVSIYRNQLSCALVGFVSNVSAVAAFILWDFVLRKPCNNRTFPNYMGIVKSCILIVLTLAGLSPILMSLTKSTSPDSVWAIAVWLFLANVFFHEYTTETIRPHVRLHNSLSTNAALSASVVLASRLEKSINVFFFILFAVHWFALFPIFRKYIHVFSFYADMLMTLVLIISAYIALNAVASVVIAFVFLSLIFFISFICPIWFIKLQRFKNEIHGPWDIALPKLGPSKG
B7M748	2.3.1.47	MSWQEKINAALDARRAADALRRRYPVAQGAGRWLVADDRQYLNFSSNDYLGLSHHPQIIRAWQQGAEQFGVGSGGSGHVSGYSVAHQALEEELAEWLGYSRALLFISGFAANQAVIAAMMAKEDRIAADRLSHASLLEAASLSPSQLRRFAHNDVTHLARLLASPCPGQQMVVTEGVFSMDGDSAPLAEIQQVTQQHNGWLMVDDAHGTGVIGEQGRGSCWLQKVKPELLVVTFGKGFGVSGAAVLCSSTVADYLLQFARHLIYSTSMPPAQAQALRASLAVIRSEEGDARREKLAALITRFRAGVQGSPFTLADSRSAIQPLIVGDNSRALQLAEKLRQQGCWVTAIRPPTVPAGTARLRLTLTAAHEMQDIDRLLEMLHGNG
Q9LPD9	3.6.4.12	MAGENSDNEPSSPASPSSAGFNTDQLPISTSQNSENFSDEEEAAVDTQVIRDEPDEAEDEEEEEGEDLFNDTFMNDYRKMDENDQYESNGIDDSVDDERDLGQAMLDRRAADADLDARENRLANRKLPHLLHDNDSDDWNYRPSKRSRTTVPPRGNGGDPDGNPPSSPGVSQPDISMTDQTDDYQDEDDNDDEAEFEMYRIQGTLREWVMRDEVRRFIAKKFKDFLLTYVKPKNENGDIEYVRLINEMVSANKCSLEIDYKEFIHVHPNIAIWLADAPQPVLEVMEEVSEKVIFDLHPNYKNIHTKIYVRVTNLPVNDQIRNIRQIHLNTMIRIGGVVTRRSGVFPQLQQVKYDCNKCGAVLGPFFQNSYSEVKVGSCSECQSKGPFTVNVEQTIYRNYQKLTIQESPGTVPAGRLPRHKEVILLNDLIDCARPGEEIEVTGIYTNNFDLSLNTKNGFPVFATVVEANYVTKKQDLFSAYKLTQEDKTQIEELSKDPRIVERIIKSIAPSIYGHEDIKTALALAMFGGQEKNIKGKHRLRGDINVLLLGDPGTAKSQFLKYVEKTGQRAVYTTGKGASAVGLTAAVHKDPVTREWTLEGGALVLADRGICLIDEFDKMNDQDRVSIHEAMEQQSISISKAGIVTSLQARCSVIAAANPVGGRYDSSKSFAQNVELTDPILSRFDILCVVKDVVDPVTDEMLAEFVVNSHFKSQPKGGKMEDSDPEDGIQGSSGSTDPEVLPQNLLKKYLTYSKLYVFPKLGELDAKKLETVYANLRRESMNGQGVSIATRHLESMIRMSEAHARMHLRQYVTEEDVNMAIRVLLDSFISTQKFGVQRTLRESFKRYITYKKDFNSLLLVLLKELVKNALKFEEIISGSNSGLPTIEVKIEELQTKAKEYDIADLRPFFSSTDFSKAHFELDHGRGMIKCPKRLITW
Q163J0	2.4.1.227	MLIAAGGTGGHMFPAQALAEAMLNRGWRVKLTTDARGARYTGGFPHSTQIEEISSATFARGGIAAKIVAPFKIGAGVLRALLSFRRDRPAVVVGFGGYPTIPALAAAFLMKLPRMIHEQNGVLGRVNTAFASRVDAIACGTWPTDLPEGVEGYHTGNPVRKAILERAEAGYICPGDYPMEVLVIGGSQGARILSDVIPPAIASLPMAMLRNLRISHQARDEDQERVAKYYAENGVRAEVEPFFQDVPRRMTEAQLVISRSGASSVADLSVIGRPAILIPYAAATGDHQTANARGLVEAGGAIMVPESKASPEALAEQIHSVLDNPTAAMQMAAAAARFGKPEATEMLAQMVEGLAEKGQKT
Q5V059	3.1.26.5	MVDRPLKQRFVLDTSLFLTPEIRSGDEDLEAACLDLLDLISEAKLVHNISCYMPPSIQAELTTMLEDRAISDEVLTKLDTWVITKSPAHHEVRIPADLVYEFIDEMSERVDRGLRVSEKAVRKAEESRAETVEEHDHMTEVDKVISDLRDEYRDTLRQGVLDSREDFDLLILAQELDAGVVTEDQGIINWAEDFGLRYLKGRNFPPLLREYLAADDPDRWRDES
Q6G4F1	1.5.1.5;3.5.4.9	MNNIIDGKKLAEKIIMKVKAETTKLRNNYKIQPGIAVIIVGNDPASQVYVTSKSKKAEECGFFSIKHMISKETQEKELLHLIATLNSDPQIHGILVQLPLPDHINTNRITQAIAFQKDVDGFHYINIGKLAANALEDAIIPCTPAGAMMMIEQQCGQDLSGLDAVVVGRSNIVGKPMAALLTAANATVTIAHSRTRDLDDVCRSADILVTAIGRPQMIKKDWVKNGAIIIDVGINRIAAPEKGVGKTRLVGDVDFEEIKEKAAAITPVPGGVGPMTIAMLMVNTLKAAARLHNLPIPKF
P0A1Z4	2.1.3.2	MANPLYQKHIISINDLSRDDLNLVLATAAKLKANPQPELLKHKVIASCFFEASTRTRLSFETSMHRLGASVVGFSDSANTSLGKKGETLADTISVISTYVDAIVMRHPQEGAARLATEFSGQVPVLNAGDGSNQHPTQTLLDLFTIQETQGRLDNLHIAMVGDLKYGRTVHSLTQALAKFSGNRFYFIAPDALAMPQYILDMLDEKGMAWSLHGSIEEVMADVDILYMTRVQKERLDPSEYANVKAQFVLRASDLNGARENMKVLHPLPRIDEITTDVDKTPHAWYFQQAGNGIFARQALLALVLNSELSL
Q02G02	3.1.1.29	MTAVQLIVGLGNPGPEYDQTRHNAGALFVERLAHAQGVSLVADRKYFGLVGKFSHQGKDVRLLIPTTYMNRSGQSVAALAGFFRIAPDAILVAHDELDMPPGVAKLKTGGGHGGHNGLRDIIAQLGNQNSFHRLRLGIGHPGHSSLVSGYVLGRAPRSEQELLDTSIDFALGVLPEMLAGDWTRAMQKLHSQKA
O33434	2.8.5.2	MPRFTKTKGTLAATALGLALAGAAFADPVEDGLVIETDSGPVEIVTKTAPPAFLADTFDTIYSGWHFRDDSTRDLERDDFDNPAMVFVDRGLDKWNAAMGVNGESCASCHQGPESMAGLRAVMPRVDEHTGKLMIMEDYVNACVTERMGLEKWGVTSDNMKDMLSLISLQSRGMAVNVKIDGPAAPYWEHGKEIYYTRYGQLEMSCANCHEDNAGNMIRADHLSQGQINGFPTYRLKDSGMVTAQHRFVGCVRDTRAETFKAGSDDFKALELYVASRGNGLSVEGVSVRH
P20041	3.2.1.15	MNHRYTLLALAAAALSAGAHATGTSVTAPWGEVAEPSLPADSAVCKTLSASITPIKGSVDSVDGNPANSQPDASRIQSAIDNCPAGQAVKLVKGSAGESGFLSGSLKLKSGVTLWIDTGVTLFASRNPADYDNGLGTCGTATTSNDKSCNALIVARDTAGSGIVGAGAIDGRGGSLVTSGPNANRLTWWDIAYLNKTKGLNQQNPRLIQTYNGSAFTLYGVTVQNSPNFHIVTTGTSGVTAWGIKIVTPSLAYAVAGYKCPSGSTPDKVTPATCFTPETVKNTDGFDPGQSTNVVLAYSYINTGDDHVAVKASSGPTRNLLFAHNHFYYGHGLSIGSETNTGVSNMLVTDLTMDGNDSSAGNGLRIKSDASRGGKVTNIVYDGICMRNVKEPLVFDPFYSSVKGSLYPNFTNIVVKNFHDLGSAKSIKRTMTFLGYKANKQKNPLTITLDNVVFDGTLPAFEGSHYGGPASPNGVHFTFGGTGPVSFADAIVTSSTTDVTVTGTPGTAAAVDCSKAFVPLKSVAPTSPI
Q1CLR5	4.6.1.12	MRIGHGFDVHKFGENGSGPLIIGGVRIPYEKGLLAHSDGDVALHAATDALLGAAALGDIGKLFPDTDPAFKGADSRGLLREAYRRILAKGYKLGNLDITIIAQAPKMAPHIPQMRVNLAEDLQCHMDDINVKATTTEQLGFTGRGEGIACEAVVLLVNVEQG
B2K1U5	2.3.1.15	MSGWRKIYYKLLNLPLKLLVKSKVIPADPVSELGLDPSRPILYVLPYNSKADLLTLRAQCLAQDLPDPLIPLEIDGVQLPSHVFIENGPRVFRYYVPKQESVKLFHDYLDLHRNNPALDIQMLPVSVMFGRSPGREGHGTPHLRVLNGVQKFFAVLWLGRDSFVRFSTTVSLRRMASEHGTDKTIAHKLARVARMHFSRQRLAAVGPSLPARQDLFKKLLASKAIEKAVADEARSKKISHEKAQQNAITLMEEIAANFSYEAVRLSDRVLSWTWNRLYQGINVHNAERVRQLAQDGHEIVYVPCHRSHMDYLLLSYVLYHQGLVPPHIAAGINLNFWPAGPIFRRLGAFFIRRTFKGNKLYSTVFREYLGELFTRGYSVEYFVEGGRSRTGRLLEPKTGTLSMTIQAMLRGGTRPITLVPIYIGYEHVMEVGTYAKELRGAIKEKENLLQMLRGLRKLRNLGQGYVNFGEPLPLTTYLNTHVPQWRDAIDPIEAQRPSWLTPAVNDLANQIMVRINNAAAANAMNLCSTALLASRQRSLTREQLLEQLDCYLQLMRNAPYAKDTTVPDKTPEELLNHALNMNKFEVEKDTIGDIIILPREQAVLMTYYRNNIQHLLILPSLIASMVMYHRRITRTELLHKISMIYPMLKAELFLHYSKEQLPETLDTLIDELARQQLICDKGSELVLNPARIRPLQLLAAGVRETLQRYAITLSLLSATPSINRGALEKESRIMAQRLSVLHGINAPEFFDKAVFSTLVATLREEGYISDSGDAIQEHTLEVYNMLSALMTPEVKLTIESVSMPAETSNQPEAPETPETPETPEPEGKTES
P21594	4.1.1.23	MAPHPTLKATFAARSETATHPLTAYLFKLMDLKASNLCLSADVPTARELLYLADKIGPSIVVLKTHYDMVSGWTSHPETGTGAQLASLARKHGFLIFEDRKFGDIGHTVELQYTGGSARIIDWAHIVNVNMVPGKASVASLAQGAKRWLERYPCEVKTSVTVGTPTMDSFDDDADSRDAEPAGAVNGMGSIGVLDKPIYSNRSGDGRKGSIVSITTVTQQYESVSSPRLTKAIAEGDESLFPGIEEAPLSRGLLILAQMSSQGNFMNKEYTQASVEAAREHKDFVMGFISQETLNTEPDDAFIHMTPGCQLPPEDEDQQTNGSVGGDGQGQQYNTPHKLIGIAGSDIAIVGRGILKASDPVEEAERYRSAAWKAYTERLLR
B8IUB0	2.1.1.222;2.1.1.64	MSETTGPSIDRDEVARFERIAATWWDEAGPMRVLHRFNPVRITYIRDTVCRHFGRDPRRPLPLEALSLIDIGCGGGILSEPLARLGATVTGLDPAPTNIRVAQAHAAEAGVPVDYRGQTIEAVVEAGERFDVVLAMEVVEHVVDMPAFVRTACAAVKPGGLFFAATLNRTMRSFALAIVGAEYVLGWLPRGTHDWEKFVTPAELTGAVESAGLTVIDTTGVVYNPLGGRWAMSRDTGVNYMIAAERPVA
Q6HEB2	3.5.99.6	MNILVVKTPEELAEAGYKLIEEVVKTKENPTLGMATGSSPLGIYAEMRKNKLDTSRVTTVNLDEYVNLPHEDKNSYHYFMQEQLFDHLPFKQTYVPNGMASDLEEECKRYEGILAANPVDLQILGIGENGHIGFNEPGTPFNSPTNIVELTESTRQANLRFFEKEEDVPTHAITMGIGSIMKAKQILLVAMGSKKAEAVKELLQGAYSEACPATVLQRHPNVTVIADQEALSLCSEAIADEHRQVFTISDLLSDSRVGETAN
Q30Z77	5.2.1.8	MEYNVEDLSPVKKKITITVPVEEVNAALAATIAVYQTSVNLSGFRKGKVPASIIEGRFRKEVYNEATQDLVNVHINEVVGSLDTQPASRIDFDGGQLERDKEFVYTISFEVMPVFEMPDYDGMEVEQEKPEVDENEVNAVLERIRTNLADVVTVAEHRPAKDGEIAVLDFAAYENGEPIAGVAADNFELNLGGNQALVDFEELVKRAVPGEATEGDVTFPEDFINPEFAGKTVTMKVTVHAVKERKLPELDDELAKKAGGFESFDKMRETVEQSYLESRTQLCKAQAQKTMVDSLLKTLDFPVPESMLEMYMDSLLAEKKDRLERQGKSLESLGKSPEELRDEVRPEAEHIARTQIFLVKAAQKEGVTVSEQEVDRQLQQIAMRSGQDFQTMKEHYTRTNMIFNLRDRMLADKAMEAIYEKAAIKEVPAKKEAAEAAE
B4UDQ3	2.1.3.2	MIGRHKHCIALEDFSREEILEVIDLAASMKEVLQRPIKKVPSLRGKMVVNLFFEASTRTRSSFETAAKILSADALNWTSSSSSVTKGETLVDTARNLEAMRPDVLVIRHSAGGAPRLVAEHVGCSVVSAGDGAHEHPSQGLLDCFTLREKLGTLEGKTVAIVGDVSHSRVARSDLHAFPKLGAKVRLCGPPTMMPAGVERLGATVHTDLREAVDGADAVIMLRIQHERIGDPLIPGTREYSKVWGLNAKKAADWLKPSCVILHPGPINRGVELSPEVADGPRSVILDQVQNGVAVRMAILYLLAGGAGEEARA
Q7VQC0	3.5.1.88	MSILQMLYYPDQRLRKIARSVSIISHDTKKIISDMFETMYFQQGIGLAATQVDIHQKIIVIDLNNNIQKRLVFINPCIIKKIGTITHIIEGCLSIPKIRASVPRSQNIIVQSLDENGNNFEMEATDLLSVCIQHEIDHLLGKLFIDYLSPFKIQRIHKKINKWSTVYKNHIKLSH
Q9KV27	3.6.1.22	MIRLQAIRRSRVEKSDGKNAYWCVVSGSDLWLVDGQIPYGSAEQWDLPQEKAILVDRYQNSPVYWLNAADIEQDRPLTSLRELLGVDEALFLAASKAVQYGHMSQTIRFCPQCGGRNYLNHQQLAMQCHDCRTLHYPRIFPCIIVAVRKQQQILLAQHPRHRNGMYTVIAGFVEVGETLEQCVAREVLEETGIVVTNIRYFGSQPWAFPSSMMMAFLADYDTGELKPDYSELSDANWFGIENLPPVAPRGTIARALIEQTLADIAQDQA
A4SP53	3.2.2.9	MKVGIIGAMEQEVALLRSQMNEPTTLQLGGCEFYQGKLAGKEVILTRSGIGKVAASVATSLLLEKFAPDCVINTGSAGGFAQDLHIGDMVIADEMRFHDVDVTAFGYEMGQMAQQPAAFPCDGKLIAVAQDCIAEQGKHQTKVGLICTGDQFMCKPDAIAKARADFPQMLAVEMEGAAIGQVCHMFKVPYLVVRAMSDIAGKEQVESFDAFIEVAGQHSAEMIIKMLGKL
C3MQK4	1.1.1.86	MKSTSKIYTDKDSNLDVIKGKRIAVLGYGSQGRAWAQNLRDSGLNVVVGLEREGKSWELAKSDGIIPLHTKDAVKDADIIIFLVPDMVQRTLWLESVQPYMKKGADLVFAHGFNIHYKLIEPPKDSDVYMIAPKGPGPTVREYYKAGGGVPALVAIQQDVSGTALRKALAIAKGIGATRAGVIPTTFKEETETDLFGEQVILVGGIMELMKAAFETLVEEGYQPEVAYFETINELKMLVDLVYEKGITGMLKAVSDTAKYGGMTVGKFVINEDVRKRMKEALQRIKSGKFAEEWVEEYGRGMPTVVNGLSQVQNSLEEKIGNQLKDLIQKGKPKS
Q3Z8X9	6.1.1.6	MPEEYLNAQKMEKLERIKSRGINPYPATFHPSHTSVQAVALLAELEKQENPPKEILRIAGRIMTLRDMGKISFMDIRDGSGKIQVFCRQNDLDEASIELLKDLDLGDFIGAEGSLMRTRTGEPSLAATKISLLSKSLLPLPEKWHGLQDVEKRYRQRYLDLISNADARQTFLTRSQVISAIRSFMSSKGFLEVETPVLQPEAGGALARPFITHHQALDCDFYMRIALELHLKRLIVGGFDRVYEIGRIFRNEGVSTRHNPEFTMMESYQAYADYKDVMDFLEEMVSSVVKEISGGYTVPFGDTTLDFTPPWPRLSMRDAVKQYAGIDFFDFPTKEALAAEMIRRKLKVDPAKDWGKLVDELVGEFVEPRLIQPTFLTDHPVAMSPLAKQKPEDPRLTERFEAICANMEIANAFSELNDPVEQRARFKEQLEKRNQLRTEESESIDEDFLAALAYGMPPTGGLGVGIDRLVMLLTNHDSIREVILFPALKDREDKGEQE
P44881	3.4.11.9	MELAYMAKLPKEEFEERRTRVFAQMQPNSALLLFSEIEKRRNNDCTYPFRQDSYFWYLTGFNEPNAALLLLKTEQVEKAIIFLRPRDPLLETWNGRRLGVERAPQQLNVNEAYSIEEFATVLPKILKNLTALYHVPEIHTWGDTLVSESAVNFSEILDWRPMLSEMRLIKSPNEIRLMQQAGQITALGHIKAMQTTRPNRFEYEIESDILHEFNRHCARFPSYNSIVAGGSNACILHYTENDRPLNDGDLVLIDAGCEFAMYAGDITRTFPVNGKFSQPQREIYELVLKAQKRAIELLVPGNSIKQANDEVIRIKTQGLVDLGILKGDVDTLIEQQAYRQFYMHGLGHWLGLDVHDVGSYGQDKQRILEIGMVITVEPGIYISEDADVPEQYKGIGVRIEDNLLMTEYGNKILTAAVPKEIADIENLMNF
Q38ZH8	5.4.2.11	MANLVIVRHGESVANQLKTYTGWSDVALTAKGRQQAHQVGRQIKDAGFQFSHVHTSLLKRAILTSYIVLEELDQLALPMTKSWRLNERHYGALRGLNKDTTRTIFGVHQVARWRRSYTALPPLLIRSSTARRYRLVPRKSRPRGESLAQATQRLLPYWQDQVVPGLLAGQDQLIVAHGSTLRALIKVIEQISDQAIDGVEVANGEALYYQFGTDLTVLKKGRLALGSETDEEKEN
Q9UVX6	3.2.1.55	MKVTKKVLDQSLCCTALLALVGGAAAQCALPSSYSWTSTGALAEPKAGWAALKDFTNVVFNGQHIVYGSVADTSGNYGSMNFGPFSDWSEMASASQNAMSQGTVAPTLFYFAPKDVWILAYQWGPTSFSYKTSSDPTDANGWSAAQPLFSGTISDSDTGVIDQTVIGDDTDMYLFFAGDNGKIYRASMPIDNFPGDFGTQSEIILSDTKENLFEAVQVYTVDGQNKYLMIVEAMGANGRYFRSFTADSLDGEWTVQAGTESQPFAGKANSGATWTNDISHGDLVRNNPDQTMTVDPCNLQLLYQGRDPNASGDYNLLPWKPGVLTLQV
O75676	2.7.11.1	MGDEDDDESCAVELRITEANLTGHEEKVSVENFELLKVLGTGAYGKVFLVRKAGGHDAGKLYAMKVLRKAALVQRAKTQEHTRTERSVLELVRQAPFLVTLHYAFQTDAKLHLILDYVSGGEMFTHLYQRQYFKEAEVRVYGGEIVLALEHLHKLGIIYRDLKLENVLLDSEGHIVLTDFGLSKEFLTEEKERTFSFCGTIEYMAPEIIRSKTGHGKAVDWWSLGILLFELLTGASPFTLEGERNTQAEVSRRILKCSPPFPPRIGPVAQDLLQRLLCKDPKKRLGAGPQGAQEVRNHPFFQGLDWVALAARKIPAPFRPQIRSELDVGNFAEEFTRLEPVYSPPGSPPPGDPRIFQGYSFVAPSILFDHNNAVMTDGLEAPGAGDRPGRAAVARSAMMQDSPFFQQYELDLREPALGQGSFSVCRRCRQRQSGQEFAVKILSRRLEANTQREVAALRLCQSHPNVVNLHEVHHDQLHTYLVLELLRGGELLEHIRKKRHFSESEASQILRSLVSAVSFMHEEAGVVHRDLKPENILYADDTPGAPVKIIDFGFARLRPQSPGVPMQTPCFTLQYAAPELLAQQGYDESCDLWSLGVILYMMLSGQVPFQGASGQGGQSQAAEIMCKIREGRFSLDGEAWQGVSEEAKELVRGLLTVDPAKRLKLEGLRGSSWLQDGSARSSPPLRTPDVLESSGPAVRSGLNATFMAFNRGKREGFFLKSVENAPLAKRRKQKLRSATASRRGSPAPANPGRAPVASKGAPRRANGPLPPS
P0C0B3	3.5.3.6	MTAQTPIHVYSEIGKLKKVLLHRPGKEIENLMPDYLERLLFDDIPFLEDAQKEHDAFAQALRDEGIEVLYLETLAAESLVTPEIREAFIDEYLSEANIRGRATKKAIRELLMAIEDNQELIEKTMAGVQKSELPEIPASEKGLTDLVESNYPFAIDPMPNLYFTRDPFATIGTGVSLNHMFSETRNRETLYGKYIFTHHPIYGGGKVPMVYDRNETTRIEGGDELVLSKDVLAVGISQRTDAASIEKLLVNIFKQNLGFKKVLAFEFANNRKFMHLDTVFTMVDYDKFTIHPEIEGDLRVYSVTYDNEELHIVEEKGDLAELLAANLGVEKVDLIRCGGDNLVAAGREQWNDGSNTLTIAPGVVVVYNRNTITNAILESKGLKLIKIHGSELVRGRGGPRCMSMPFEREDI
A3QD98	2.7.4.9	MKQNSAKFIVIEGLEGAGKSSAIALVRDFIEKHNGVPPVCTREPGGTPLAERIRDLVKIADPNDPLCDESECLLIYAARAQLVANVIKPALAQGNWVLGDRHNLSSLAYQGGGRQLMPLVEAVSQATLKDFKPDLTLYLDIDPQLGLQRARDRGALDRIEQQALSFFERARATYLQLAARDESIVVIDASQTMAQVHKEILAVLQRQDWS
O14230	2.5.1.10;2.5.1.1	MSAVDKRAKFESALPVFVDEIVNYLKTINIPDDVTEWYKNSLFHNTLGGKYNRGLSVIDSYEILLGHPLDEAAYMKAAVLGWMVELLQSFFLIADDIMDASKTRRGQPCWYLMPGVGNIAINDAFMVESAIYFLLKKHFRQESCYVDLIELFHDVTFQTELGQQLDLLTAPEDSVDLSKFSLQKHSFIVIYKTAFYSFYLPVALAMHLAGVATPENLKCAQDILIILGKYFQVQDDYLDCYGDPTVTGKIGTDILDNKCSWIINLALAKCTPEQRVILDDNYGRKDSESEKRVKAVFEELNIRGEFENYEESEVSEIKKLIDGVDESTGLKKSIFTTFLGKIYKRNK
A2BIS8	2.5.1.41	MKLGKVERLLRSRVESGEKLFLLLSDPEKPISPNTVKLFEENGADVLLIGGSLNVTPYDIDEYIARLRVEGVKLPIVLFPGGLNNIAKSADAILFMTLMNSMDPYWIVGAQVAAAPIVYRLGLEAIPSAYIIVGHGGAAGHIGRALPIPYENGYIAAAYALAAEYLGARLVYFEAGSGAPKPVPVDAVAAASKVLSQALLVVGGGIREETLAAERLKAGADGVVIGTLAEKDPEKALRSSR
Q65R84	1.17.7.3	MSAFKPTIKRRESTKIYVGNVPVGGDAPIAVQSMTNTRTTDVEATVAQIKALERVGADIIRVSVPTMEAAEAFKLIKRQSSVPLVADIHFDYRIALKVAEYGVDCLRINPGNIGREDRIRAVVDCAKDKNIPIRIGINAGSLEKDIQEKYGEPTPEALLESALRHVEILDRLNFDQFKVSVKASDVFLAVEAYRLLAKAIKQPLHLGITEAGGARAGAVKSAVGLGMLLAEGIGDTLRVSLAADPVEEIKVGFDILKSLRIRSRGINFIACPTCSRQEFDVIGTVNALEQRLEDIITPMDVSIIGCVVNGPGEALVSDLGVTGGNKKSGFYLNGERQKERFDNEYIVDQLEAKIRAKIAAQDPKNRIL
Q6NIA1	2.7.1.148	MTSYAITAVASSKVNLHLGVGNARDDGYHELVTVFQSLSLHDTITVTPAADDMHDAEDQGIVATLSVSGDSAQAVPTDATNLAWQAAEKMYQAHRRNGGAPAKRVHIAIDKGIPVAGGMAGGSADAAATLAAMAQYLGNTNTEQEILSIAAELGSDVPFTYLGDTRLGTGRGEQLVPVLSRGTYHWALAFSAQGLSTPEVFRKIDQMDRQPHLDVTALNAALITGDPHKVAAHLHNDLQAAALSLRPELRTILEQGRAAGALAGIVSGSGPTCAFLCEDAETAQAVAAELSVHYRTAVATGPVRGAHVKGH
B9DRW6	2.1.1.228	MKIDILTLFPEMFAPLESSIVGKAVEKGLLDIRYHNFRDNAEKARHVDDEPYGGGQGMLLRAQPIYDTIDKIDANNPRVILLDPAGKTFNQSYAEELAQEDELIFICGHYEGYDERIKQLVTDEISLGDFVLTGGELAAMTMVDATVRLIPNVIGKEASHQDDSFSSGLLEYPQYTRPYDFRGMTVPDVLMSGHHENIRRWRLEESLRKTYLRRPDLLEKYPLNQEESDLLAKIKEEM
B8G1I4	6.3.4.20	MKKAVVLLSGGLDSTTCMSVAHKAGYELYPLSFDYGQRHQRELEAAKAVAQYYKVKEHRLIKIEHVGGSALTDASIQVPDYTEDGQIPVTYVPARNILFLSYALGYGEVIGAEAIFIGISSVDYSGYPDCRPEFLQAFQKVVDVGTKAGVSGQTIAIKAPLLYLSKGETIQLAAENGAPLHHTTSCYRGGEKACGTCDSCTLRLKGFAEAGIKDPIDYVNQGDRSCFSTPLED
A4QBP4	2.7.4.3	MRLVLLGPPGAGKGTQAAILSEKLGIPHISTGDLFRANIGEGTPLGIEAKQYIDAGKLVPTDVTARMVASRLAESDAAEGFLLDGFPRTVEQADILANLLSEAGQTLDGVVNYQVSEDVVVERMLSRGRADDNEETIRTRLGVYRDETAPLIDHYGDKIINIEAEGEVEEINARTLKALGK
A0RQ83	2.1.1.61	MITFRGDGLYNSKFDDIYFNTNEPLIECEHTYSSVLDEINAKFIVVAEAGFGTGLNFFSTVLKFLSLNSTELHYIAVEKYPFKKSELREIYLKFEILKPFFDEFIEQYEILDGALIRIKLLNERVILDLYFGDILDAFDELSFRADAWYLDGFSPTKNPDMWSKEVFDRLSKFCKNRAKVRTFSSAKIVQNRFLEHGFSIKKLKGHYKKREILEASLEHSSPKILKEPWYALPNISKFSDVLIIGAGVAGLAAAFKFKKAGFNVCIAEKMSEAATNGSSNLAGILMPLITKPKVALGNMHMSAFLFARHFYANSPFADFCGVYDYGVNDLEKTRLSLWDSEIFKFENDFEPYPRAFIKSAAQIRPKELCMSLASEFDIKYGYEFESIEKSTGGYVVKFKNSKNIFSSLVIFAMGDVSTNLFQNVFADEFMQLSSVRGQVTHLNKVLNLNSAFSARGYMCKDVRGIQVVGATYDRNDNRSAARATDDEKNIDSLSEFITNLDVKVVGSNVGFRGYSGDRFPIVGAVHNASEFKKIYKSLLWTKHSKNNEFAVHHENILISSAHGSRGLGTAIFGAEILLDIALNRPVCTTNSILNSLNPARFLVRKLKRGLVR
Q72GY9	6.3.4.3	MIVKEDLLPIEEVAAKLGLDRDRLYLYGPHMAKVLGEPPKAKGKLVLVTAITPTPAGEGKTTTAIGLVDALWRLGKRAALALREPSLGPVFGVKGGATGGGKARVEPRHEINLHFTGDFHAVTSAVNLLNALLDNHLHQGNELGIDPRRIELKRAIDMNDRALRHIVLGLGGKAHGVPREGGFELTVASEVMALMSLARDFQDLKRRLGRMRVAFTHEGKPVYAEDLMAVGAMAALLRQAFLPNLVQTAEGNPAFIHMGPFGNIAHGTNSLRASLFALGLADLVVQEAGFATDLGLEKFMNVVARTTGLVPEAVVLVATIRALRYHGGQDAYGMPDPKAVKAGLANLEKHVENVELFGYKPVIALNRFPSDAPEEIALVRAFAEERGLPFAPSEVYAQGGEGGLELAERVLEALDLPHAYRPLYPLEASLEAKVEAIATRVYGAEGVEWSEEAKRALKAAKKEGCEALPVVVAKAATSLSDNPRLRGRPRGFTVRVTDLRCRLGAGFVVVYMGGIETLPGLPKTPQAFGIDVDEEGNIRGMDY
B7L493	4.2.1.20	MTTLLNPYFGEFGGMYVPQILMPALRQLEEAFVSAQKDPEFQAQFNDLLKNYAGRPTALTKCQNITAGTNTTLYLKREDLLHGGAHKTNQVLGQALLAKRMGKTEIIAETGAGQHGVASALASALLGLKCRIYMGAKDVERQSPNVFRMRLMGAEVIPVHSGSATLKDACNEALRDWSGSYETAHYMLGTAAGPHPYPTIVREFQRMIGEETKAQILEREGRLPDAVIACVGGGSNAIGMFADFINETNVGLIGVEPGGHGIETGEHGAPLKHGRVGIYFGMKAPMMQTEDGQIEESYSISAGLDFPSVGPQHAYLNSTGRADYVSITDDEALEAFKTLCLHEGIIPALESSHALAHALKMMRENPDKEQLLVVNLSGRGDKDIFTVHDILKARGEI
A7Z4E6	1.3.1.98	MENVIQELRDREVGKVLEQEPLANHTTMKIGGPADILIIPNRVEAVKDIMDIVKKHDLPWTVIGRGSNLLVLDEGIRGVVIKLGAGLDHLEIDGDQVTVGGGYSVVRLATSMSKKGMSGLEFAAGIPGSIGGAVYMNAGAHGSDMSEILVKARILFEDGTIEWLTNEEMDFSYRTSVLQKKRPGVCLEAVLQLEQKEREAITAQMQQNKDYRKNTQPYSSPCAGSIFRNPLPDHAGNLVEKAGLKGHQIGGAKVSEMHGNFIVNAGGATAKDVLDLIEYVKKTIREQYDVDMHTEVEIIGGNR
B7LSA4	4.1.1.49	MRVNKSLTPQDLMAYGINDVQDIVYNPSYDLLFQEELDPNLKGYERGVLTNLGAVAVDTGVFTGRSPKDKYIVRDDTTRDTFWWADKGKGKNDNKPLSPETWQHLKGLVTNQLSGKRLFVVDAFCGANADTRLSVRFITEVAWQAHFVKNMFIRPTDEELVDFEPDFIVMNGAKCTNPQWKEQGLNSENFVAFNLTERMQLIGGTWYGGEMKKGMFSMMNYLLPLKGIASMHCSANVGEKGDVAVFFGLSGTGKTTLSTDPKRRLIGDDEHGWDDDGVFNFEGGCYAKTIKLSKEAEPEIYNAIRRDALLENVTVREDGTIDFDDGSKTENTRVSYPIYHIDNIVKPVSKAGHATKVIFLTADAFGVLPPVSRLTADQTQYHFLSGFTAKLAGTERGITEPTPTFSACFGAAFLSLHPTQYAEVLVKRMQAAGAQAYLVNTGWNGTGKRISIKDTRAIIDAILNGSLDNAETFTLPMFNLAIPTELPGVDTKILDPRNTYASSEQWQEKAETLAKLFIDNFDKYTDTPAGAALVEAGPKL
B1IJG7	6.1.1.7	MERMGLNEIREEYLKFFESKAHLRLPSFSLVPKNDKSLLLINAGMAPLKPYFTGLQVPPNKRVTTCQKCVRTGDIENVGKTSRHGTFFEMMGNFSFGDYFKKEIIPWAWEFITEILKLPKDKLYVTIYEDDDEALDIWVNKTDVDPKRIFRLGKEDNFWEHGLGPCGPCSEIHFDRGAGEVKTSEEFVKASDEDKIVEFWNLVFTQFDKDEEGNYNKLANPNIDTGMGLERMATIMQNVDTIFEVDTIKAVLDKVCELSGANYKEDRVKDISIRIITDHIRSITFMISDGILPSNEGRGYVLRRLLRRAARHGKTLGIKNTFLHNLTDIVIENCYKNYPELEEKREYIKKVIKLEEERFDETIDAGMQILNDYIKEVKNNNHKVLSGDKAFKLYDTYGFPVELTEEILEEEGISIDKEGFNKEMKEQRERARSAREETNYMGSEDTILNKIDLNINTDFEGYDKLEVKSKVAVIIKDEEFKNGMEKGNEGVIVTYNTPFYAEMGGQIGDTGIIYNDSFKAEVIDCKKNISGKVLHFVKILDGKVALEDQVILKVNEERRNNIRKNHTATHILHAALIKVVGDHVQQSGSYVDDERLRFDFSHFEAVSEDELKEVEKIVNKEIMKANAVNTKVMNIEEAKEQGAIALFDNKYKDDVRVVSVGNFSKELCGGTHVSNSGQIGMFKIVSEAGVAAGIRRIEAVTAFKAMEYVDHKNNILKEAAQILKCNEKELLNKLNHQVLEMKEKEKEIEALKLKLASGAEDEILNNIREIKGVKVASAAVKDIDGNALRDLGDKIRDNMQSGVVVLGSNYKGKVLFVAMATKDTVAKGVHCGKIIKEVATIAGGGGGGRPDMAQAGGKDPNKLEDAIKTVETVVESLVK
A4TS63	5.3.1.5	MQSYFNELEQVRYEGSQSTNPLAFHHYNPDEMILGKRMADHLRFAACYWHTFCWGGADMFGANAFDRPWQQPGDALALAKRKAEVAFEFFHKLNVPYYCFHDVDVSPEGASLQEYLNNFAVMTDVLAEKQAASGVKLLWGTANCFTHPRYGAGAATNPDPEVFSWAATQVFTAMNATRQLGGENYVLWGGREGYETLLNTDLRQEREQIGRFMQMVVEHKHKTGFQGTLLIEPKPQEPTKHQYDYDVATVYGFLKQFGLEKEIKVNIEANHATLAGHSFHHEIASAIALGIFGSVDANRGDPQLGWDTDQFPNSVEENTLVMFEILKAGGFTTGGLNFDAKVRRQSTDKYDLFYGHIGAMDTMALALKFAAKMIEDGQLDQIVAKRYAGWNSELGQQILQGKMSLEELSRYASQHNLNPQHQSGHQELLENKVNRYLFG
P24923	2.7.11.22;2.7.11.23	GENVEKIGEGTYGVVYKARDRVTNETIALKKIRLEQEDEGVPSTAIREISLLKEMQHRNIVRLQDVVHSDKRLYLVFEYLDLDLKKHMDSSPEFIKDPRQVKMFLYQMLCGIAYCHSHRVLHRDLKPQNLLIDRRTNSLKLADFGLARAFGIPVRTFTHEVVTLWYRAPEILLGSRHYSTPVDVWSVGCIFAEMANRRPLSPGDSEIDELFKIFRILGTPNEDTWPGVTSLPDFKSTFPRWPSKDLATVVPNLEPAGLDLLNSMLCLDPTKRITARSAVEHEYFKDIKFVP
P9WF02	1.2.4.4	MKRSTVVIRPSARALSRQASSQSFLLARSSALTSRQRRLYSTHPPNARLNLPIDYATTPLLAHTSQAALSNPELPASVRNGTTKRMNLFQAINDALSTALAEDESVLIFGEDVAFGGVFRCTTKLAETYGGDRVFNTPLTEQGIMGFAIGAAAEGMRPVAEIQFADYVFPAFDQLVNEAAKFRYRDGAGGRSAGGLTVRMPCGGVGHGALYHSQSPEALFTHIPGLKVIIPRGPVQAKGLLLAAIRSNDPCVVMEPKILYRAAVEQVPTTAYELPLGKAEILKEGKDVTVVSYGQPLYKCMAALKAAEQDFGVSVELIDLRTIYPWDKETVFNSVRKTGRCVVVHEAMVNAGVGAEVAAAIQEDPETFVRLEAPVARIAGWSIPTPLVFEQFNLPDVTSKCYLTLGLADVYADGMPRDIRRHQKGDEFLRDLSMNSGILKQSMLHSSRRGVDWLMGIVLDDIILSVFLV
Q9ZPY2	1.10.3.2	MTSSAVPSLFRLSFLLFTLQVMNIGRIGAATRFYQFKVQTIRLTRLCQTNEIVTVNKKFPGPAISAQEDDRIVIKVINMTPYNTTIHWHGIKQKRSCWYDGPSYITQCPIQSGQSFTYNFKVAQQKGTFLWHAHFSWLRATVYGPLIVYPKASVPYPFKKPFNEHTILLGEYWLKNVVELEQHVLESGGPPPPADAFTINGQPGPNYNCSSKDVYEIQIVPRKIYLLRLINAGINMETFFTIANHRLTIVEVDGEYTKPYTTERVMLVPGQTMNILVTADQTVGRYSMAMGPYESAKNVKFQNTSAIANFQYIGALPNNVTVPAKLPIFNDNIAVKTVMDGLRSLNAVDVPRNIDAHLFITIGLNVNKCNSENPNNKCQGPRKGRLAASMNNISFIEPKVSILEAYYKQLEGYFTLDFPTTPEKAYDFVNGAPNDIANDTQAANGTRAIVFEYGSRIQIIFQNTGTLTTENHPIHLHGHSFYVIGYGTGNYDQQTAKFNLEDPPYLNTIGVPVGGWAAIRFVANNPGLWLLHCHFDIHQTWGMSTMFIVKNGKKVQESLPHPPADLPKC
A3N1A1	6.3.3.1	MSNTQLSYKDAGVDIHAGNELVERIKGDVKRTRRPEVMGGLGGFGALCALPTKYKEPILVSGTDGVGTKLRLAIDLNKHDTIGQDLVAMCVNDLVVQGAEPLFFLDYYATGKLEVDVAADVIKGIADGCEISGCALVGGETAEMPGMYHEGDYDLAGFCVGVVEKSEIIDGSAVKAGDVLLALASSGPHSNGYSLIRKVIEVSGANPATDTLEGKPLSEHLLAPTKIYVKSVLQLIKQADVHAIAHLTGGGFWENIPRVLPATAKAVIDEKSWEWPAAFKWLQEKGNISRYEMYRTFNCGVGMVIALPEKDIETALAVLKQAGENAWVIGKIENLGEGSEQVEII
Q8CJT5	2.5.1.120	MDAGLKRELEQKVRSGERLTREDGIALYESDDLAWLGGLAHEVRTRKNGDVVHFNVNRHLNMTNVCTASCAYCSFQRKPGEKDAYTMRIEEAVKLAKAMEGENLTELHIVNGLHPNLPWRYYPRSLRELKAALPEVSLKAFTATEIHHFETISGMSASDILDELIDAGLESLTGGGAEIFDWEVRQHIVDHRTHWEDWSRIHRLAHEKGLKTPCTMLYGHIEEPRHRVDHVLRLRELQDETGGFQVFIPLRYQHDFVDMKDGKVRNRLQARTQMATGAEALKTFAVSRLLFDNVPHVKVFWVMHGVQTAQLALQHGADDMDGSVVEYKITHDADDFGTPNKLTREDLLDLIRDAGFRPVERNTRYEILREYEGPDPARRESPQPMRV
O84044	3.6.4.12	MTHKISVLHQDKKFDFSLRPKKLTEFCGQKQLKERLDLFLRAAVQRNEVPGHCLFYGPPGLGKTSLAHIMANTIGKGLVIASGPQLLKPSDLIGLLTGLQEGDIFFIDEIHRMGKAAEEYLYPAMEDFKVDITLDSGPGARSVRLDLAPFTLVGATTRAGMLSEPLRTRFAFTGRVDYYTDEDLVSILSRSSQLLAIEANQETLLEIARRARGTPRLANNLLRWVRDFAQMREGNCINSAVAEKALAMLLIDNLGLNEIDIKLLSVMIDFYQGGPVGMKTLAMAVGEDVRTLEDMYEPFLILKGLVQRTARGRVATPLAYEHLNRNPKDRWGEE
Q04518	4.1.1.5	MNHYPECTCQESLCETVRGFSAHHPDSVIYQTSLMSALLSGVYEGSTTIADLLTHGDFGLGTFNELDGELIAFSSEVYQLRADGSARKARADQKTPFAVMTWFRPQYRKTFDHPVSRQQLHDVIDQQIPSDNLFCALHIDGHFRHAHTRTVPRQTPPYRAMTDVLDDQPVFRFNQRKGTLVGFRTPQHMQGLNVAGYHEHFITDDRQGGGHLLDYQLDSGVLTFGEIHKLMIDLPADSAFLQADLHPDNLDAAIRAVEN
Q89AY2	2.2.1.1	MCLRRKLANAIRALSIDAVQEAQSGHPGMPMGMADIAEVLWREFFKHNPKNPLWNNRDRFILSNGHGSMLLYSILHLTGYKLSIDDLKKFRQLGSNTPGHPEIGSTPGVEMTTGPLGQGLGAAVGMAIAERTLASTFNKPNYDIVDHYTWVFVGDGCLMEGISHEVCSLAGTFGLGKLIVFYDSNGISIDGKVEEWFTDDTENRFKAYNWHVVSNVDGHDYRSISSAIKDAILVKNKPSLIICKTIIGYGSPNKSGLETSHGAPLGENEVLLTKQKLGWTYPPFVIPQDVYDHWNFNLQGVILENEWNKKFQGYYNKYPDLANEYLRRISKNVPDKFVDNFNKFIKELYLCPKNIATRVASQNVLEFLGKSLPELIGGSADLAPSNLTMWSKSKSIKQDISGNYVHYGVREFGMTAISNGIAHYGGFIPYVATFLAFMDYARSAVRMSALMKTQNIFIYSHDSIGLGEDGPTHQPIEQLSALRFIPNVNVWRPCDQLETAIAWKNAIERKDGPTALILSRQILCQIDRSQEQINDIYRGGYIVNTTVRSPKVIIVATGSEVKIALDVSNILFKKGILVRVVSMPSTNVFDQQDNDYKEFIFPRCLVHRVAIEAGISDFWYKYVGLTGCIIGIDTFGESGSSDQLFSKFGFNSDIISEKIISYLKSS
Q0TFT1	3.1.21.2	MKYIGAHVSAAGGLANAAIRAAEIDATAFALFTKNQRQWRAAPLTTQTIDEFKAACEKYHYTSAQILPHDSYLINLGHPVAEALEKSRDAFIDEMQRCEQLGLSLLNFHPGSHLMQISEEDCLARIAESINIALDKTQGVTAVIENTAGQGSNLGFKFEHLAAIIDGVEDKSRVGVCIDTCHAFAAGYDLRTPAECEKTFADFARIVGFKYLRGMHLNDAKSTFGSRVDRHHSLGEGNIGHDAFRWIMQDDRFDGIPLILETINPDIWAEEIAWLKAQQTEKAVA
Q8EYH2	1.1.1.86	MANIYYDSDCDLNSLKGKTIAVIGYGSQGHAQAQNMKDSGLKVIIGLKEGSKSIQDAKNAGFEVYSVSEASQKADIIQILAPDTIQADLYKKDIEPNLKKGDALVFSHGFNIHYDFIKPPKEVDVYMVAPKGPGHLVRRVYTEGGGVPCLIAIYQDSSGEAKKRALAHAAGVGGGRAGILETSFREETETDLFGEQVVLCGGLSNLIMAGFETLTEAGYDPEIAYFECLHEVKLITDLIYEGGLARMRFSISDTAEYGDYVSGPRVIDPGVKQRMKEVLNDIQKDKGAKFATNWMAETKAGYPNFKNMRDKNASHPIESVGKKLRSMMKWLSK
Q7QJX9	2.7.4.3	MAPNAAELKVKPASDSTGINAILLGPPGSGKGTQAPLLKEKYCVCHLSTGDMLRAEIASGSKLGAQLKKVMDEGKLVSDELVVDMIDSNLDKPECRNGFLLDGFPRTVVQAEKLDNLLEKRNTGLDAVIEFGIDDSLLVRRITGRLIHQASGRSYHEEFAPPKVPMRDDETGEPLMRRSDDNAQALVKRLESYHRQTKPLADYYALRGLHFRVDAAKSASDVFANIDSIFTKQRAHRLGF
Q5M0W1	2.4.99.17	MNTNDFDFELPEELIAQTPLKQRDASKLLVIDPVTREMTDTHFDHIIDQLNPRDALVMNNTRVLPARLYGEKTDTHGHVEFLLLKNTQGDQWEVLAKPAKRLKVGAKVSFGYGRLTATVTEELDHGGRIVEFSYDGIFLEVLESLGEMPLPPYIHEKLEDRDRYQTVYAKENGSAAAPTAGLHFTPELLQKIEAKGVKLVYLTLHVGLGTFRPVSVDNIDEHEMHSEFYTLSQEAADTLNSVKTAGGRIVAVGTTSIRTLETIGNKYDGQLQADSGWTNIFIKPGYQFTVVDAFSTNFHLPKSTLVMLVSAFAGREFVLEAYKHAVQERYRFFSFGDAMFVTRPSEK
Q8XD88	2.7.4.8	MAQGTLYIVSAPSGAGKSSLIQALLKTQPLYDTQVSVSHTTRQPRPGEVHGEHYFFVNHDEFKEMISRDAFLEHAEVFGNYYGTSREAIEQVLATGVDVFLDIDWQGAQQIRQKMPHARSIFILPPSKIELDRRLRGRDQDSEEVIAKRMAQAVAEMSHYAEYDYLIVNDDFDTALTDLKTIIRAERLRMSRQKQRHDALISKLLAD
A0A0G2Q9D6	5.6.2.2	MGKNEARRSALAPDHGTVVCDPLRRLNRMHATPEESIRIVAAQKKKAQDEYGAASITILEGLEAVRKRPGMYIGSTGERGLHHLIWEVVDNAVDEAMAGYATTVNVVLLEDGGVEVADDGRGIPVATHASGIPTVDVVMTQLHAGGKFDSDAYAISGGLHGVGVSVVNALSTRLEVEIKRDGYEWSQVYEKSEPLGLKQGAPTKKTGSTVRFWADPAVFETTEYDFETVARRLQEMAFLNKGLTINLTDERVTQDEVVDEVVSDVAEAPKSASERAAESTAPHKVKSRTFHYPGGLVDFVKHINRTKNAIHSSIVDFSGKGTGHEVEIAMQWNAGYSESVHTFANTINTHEGGTHEEGFRSALTSVVNKYAKDRKLLKDKDPNLTGDDIREGLAAVISVKVSEPQFEGQTKTKLGNTEVKSFVQKVCNEQLTHWFEANPTDSKVVVNKAVSSAQARIAARKARELVRRKSATDIGGLPGKLADCRSTDPRKSELYVVEGDSAGGSAKSGRDSMFQAILPLRGKIINVEKARIDRVLKNTEVQAIITALGTGIHDEFDIGKLRYHKIVLMADADVDGQHISTLLLTLLFRFMRPLIENGHVFLAQPPLYKLKWQRSDPEFAYSDRERDGLLEAGLKAGKKINKEDGIQRYKGLGEMDAKELWETTMDPSVRVLRQVTLDDAAAADELFSILMGEDVDARRSFITRNAKDVRFLDV
C1AES9	5.2.1.8	MKSTVEQLSPTRVRINVEVPFAELEPDFQRAYKELAKQVRLPGFRPGKAPAKLLEARIGREAMLDQIVNDALPSRYGQAVAESDVQPLGRPNIEVTKKEYGQDLQFTAEVDIRPKISLPDLSALTVSVDPIEIGEDDVDAELQSLRTRFGTLTAVDRPVAVGDVVSIDLSATVDGEDIPNAAAEGLSHEVGSGRLIAGLDDAVVGLSADESRVFTAKLAAGEHAGQEAQVTVTVRSVKERELPEPDDEFAQLASEFDSIDELRASLSDQVRQAKRAQQAEQIRNATIDALLEQVDVPLPESYVQAQFDSVLHSALSGLNHDEARFNELLVEQGSSRAAFDAEARTASEKDVKRQLLLDALADELQVQVGQDDLTERLVTTSRQYGIEPQQLFGYLQERNQLPTMFADVRRELAIRAAVEAATVTDSDGNTIDTSEFFGKRVSAGEAEEAEPADEGAARAASDEATT
Q8M873	7.1.1.2	MYLINLLAMIIPVLLAVAFLTLLERKVLGYMQLRKGPNIVGPYGLLQPIADAVKLFTKEPLQPLTSSPMLFIIAPTLALTLALTMWTPLPMPYPLMNMNLSMLFILALSSLAVYTIMWSGWASNSKYALIGALRAVAQTISYEVTLAIIILSLLLMNGSFTLLSMTTTQEYIWLLIPSWPLAMMWFISTLAETNRAPFDLTEGESELVSGFNVEYAGGPFALFFLAEYANIIMMNALTIILFLGAYHNPMVPELYTINFTTKTLLFTAFFLWIRASYPRFRYDQLMHLLWKNFLPLTLVMCMWHVALPIMLAGIPPQT
B0KB08	2.1.1.177	MKIYIIAVGKIKENYISDGIVFYLKKLRPYCEIEIKEVEEEKAPQNLSEKEKEEILRKEGERILSKIKKGSFVVSLAIEGKEIDSYKFSQFIKATFQSGYREMTFVIGGSLGLWENIKKQSHLNLSFSKMTFPHQLMRLILLEQLYLAFDGKNHL
B2AGQ1	1.1.1.94	MKLTFLGAGAWGTALASHAAATNDVVLWGRDPAQLGAIAATHENAAYLPGVKLSARLAVQADFELAVAHAADDPDGIVVVATPVAGLREMTRRLAARSARPVSMLWLCKGFEAGTHLLPHQMVRAELDAAGRTEGFAYGVLSGPSFAREVAQGLPCALTVAGTEPSLADRAQAAFHHHAMRIYGSDDLTGVEVGGAVKNVLAIATGASDGLGLGLNARAALVTRGLAEMTRLGLALGGRVETFMGLAGVGDLILTATGDLSRNRKVGQQLASGQSLEQVLAGLGHVAEGVRCAQAVAELAATHGIEMPIARAVCAVLFDGLSAADAVAQLLQRDARDE
Q67SC4	2.7.7.18	MARVAVLGGTFDPIHLGHLAAAQGVLHLTGVERVIFLPNRQPPHKQGQPVTPAEHRAAMVRLAIADNPAFGFSDLELRRPGPSYTIETVRALAAEHPDWEPAFIIGLDSLLAIRTWREWETLMQSVDFFAVTRPGHDLAAARRLLAELGPRLSGRVRLLEIPGVAVASADLRRLAAAGYPLRYLVPDPVARYIAEHRLYLRGESHGDG
Q0S5R4	3.5.4.30	MLLSDRDLRAEISAGRLGIDPFDDSMVQPSSVDVRLDSLFRVFNNTRYTHIDPAQRQDELTTLVEPAEGEPFVLHPGEFVLGSTLEVCSLPDDLAGRLEGKSSLGRLGLLTHSTAGFIDPGFNGHITLELSNVANLPITLWPGMKIGQLCLLRLSSAAEHPYGSSAVGSKYQGQRGPTPSKAYLNFAQS
Q042C9	7.4.2.8	MANILKKIYDNDRRELKKFEKLATKVESLADEYEKLSDEQLQAKTPEFRKRLEKGETLDDLLPEAFATAREGAKRVLGLYPFRVQIIGGIALHYGNIAEMMTGEGKTLTATLPVYLNALTGKGVHVVTVNEYLSSRDESEMGQLYKWLGLTVGLNLNSMSADEKRDAYNCDVTYSTNSELGFDYLRDNMVVYKDQMVQRPLNYAIIDEVDSILIDEARTPLIISGQAEQANSEYIRADRFVKTLTEDKSDDDADDDEDHGDYKIDWPTKTINLTNQGIKKACEHFGLKNLYDIDNQVLVHHIDQALRANYIMLKDIDYVVQNGEVMIVDSFTGRVMEGRRYSDGLHQAIEAKEGVKIQEESKTQATITYQNFFRMYKKLAGMTGTAKTEEEEFREIYNMEVITIPTNRPIARKDLPDILYPTLDSKFEAVVKEIKERHAKGQPVLVGTVAIESSERLSKMLDQAGIPHAVLNAKNHAKEAEIIMNAGQRGAVTIATNMAGRGTDIKLGPGVKELGGLAVIGTERHESRRIDNQLRGRSGRQGDPGVTRFYLSLEDDLMKRFGGDRVKLFLDRISDNDDDKVIESRMITKQVESAQKRVEGNNYDTRKQTLQYDDVMRTQREIIYGERMQVISEEKTLKPVLMPMIKRTIDHQVDMYTQGDKKDWRNDQLRDFISSAITDEETTKKLNIKHLGAEELKKRLYKIAEDNYAEKEKQLADPEQMLEFEKVVILRVVDERWTDHIDAMDQLRQSISLRGYGQLNPLVEYQEAGYRMFEEMISDIEFDATRLFMKAQIRQNISR
O63851	7.1.1.2	MSYLILSIVILLIGILGIILNRSNLIIMLMCVELVLLASTILLLFESRVLYTLFGQIFAIVILTVAAAESAIGLAIMVNYYRLRGTIAVRASNLLRG
B3H0R8	1.2.1.70	MTILALGINHKTASVNLRSKVAFDDQKRQLAFEQIQHRALAESVVILSTCNRTELYFHNAEITPREEHEDNIAWREQCFEWFAEIHQLEHNELRECIYFKQNMEAARHLMRVACGLDSLILGEPQILGQVKQAYQYSENFYQSQNSHISTKLSRLFQRTFSTAKRVRSETEIGSSAVSVAYAACGLARQIFDNFGKLRFLLVGAGETIELVARYLIQHGAKNIMIANRTPQRAETLAERLNTPMQILSLSALQIGLNQADIVISSTGSPDMLISKEMVEIAQKQRQFDPMLLIDIAVPRDIDENAGELDAVYSYSVDDLQHIIQRNMAQREQAAEQAAQIVDEECKAFFEWLKQQQSSDLIKRYRQDAEQTRQELLAKALVALTSGQDSEKVLNELSYKLTNSLLHVPTQALQAMAKSGNSQGLQSFSKALKLEEQ
Q9KL03	2.3.1.57	MNSQLTLRALERGDLRFIHNLNNNRNIMSYWFEEPYESFDELEELYNKHIHDNAERRFVVEDAQKNLIGLVELIEINYIHRSAEFQIIIAPEHQGKGFARTLINRALDYSFTILNLHKIYLHVAVENPKAVHLYEECGFVEEGHLVEEFFINGRYQDVKRMYILQSKYLNRSE
Q6AY63	3.6.1.13;3.6.1.58;2.7.7.96	METQEPKDSSPPTEQRILSEELISEGKWVKFEKTTYMDPTGKTRTWETVKLTTRKGKSADAVSVIPVLQRTLHHECIVLVKQFRPPMGGYCLEFPAGLIEDGESPEAAALRELEEETGYKGDIAECSPAVCMDPGLSNCTTHVVTVTINGDDAGNVRPKPKPGDGEFVEVISLPKNDLLTRLDALGAEDRLTVDARVYAYALALKHANAKPFEVPFLKF
Q8Z0I6	2.3.1.234	MTTVLAIETSCDETAVAIVNNRQVLSSIIASQISVHQQYGGVVPEVASRAHLETINGAIAQAMDQAQLGWDKIDAIAATCAPGLVGALLVGLTAAKTLAILHNKPFLGVHHLEGHIYATYLSEPTLDPPFLSLLVSGGHTSLIYVKECGRYESLGETRDDAAGEAFDKVARLLKLGYPGGPVIDKLAQTGNPQAFALPEGKVSLPGGGYHPYDGSFSGLKTAVLRLVQQLEKDGDSLPLEDIAASFQATVAKALTKRAIACALDYGLDTIAVGGGVAANSGLRQHLQAATAANNLRVLFPPLKFCTDNAAMIACAAVDHLSRGHTSPITLGVESRLSLSQVMKLYQ
A9IMZ3	2.7.7.38	MALEPIILIPARMGSTRLPQKALAEISGKPMIVHVAEQAKKAAIGRTIVATDHNDIAKAVAEYGHEYIITRGDHKSGSDRIYEALMRIDPEQRYNAILNIQGDLPTIMPREIIHALRPLENSFTDIATLGSQIIEESEKRDPNVVKIIGTPLSQNRLRALYFTRTTSPYGDGPLYHHIGIYAYRREALEKFVSFKPSTLEIREKLEQLRALEHNMRIDVEIVDTIPLGVDTQRDLERVRKILA
Q5UZ50	1.2.1.103;1.2.1.106	MTYTASVVGGSGFTGGELLRLLDGHPEFELAQATSRSKENKTIGHSHPNLRHSDLRFSSPEDLESVDVLFAATPHGVSMEQIDAFQEAAGTVVDLSADFRLESEAQYDEWYDGHTRPKLLEQSEYALPELNRDNLEGADLIASGGCNATATILGLLPLFEADILSGDEQIVVDVKVGSSEGGAGGGEASSHPERSGVVRPYAPTGHRHEAEIQQFLGIDVSFTVHAVDMIRGASATCHVFPEQRVSKGDLWGAYRGEYEDEPFVELVAGGGGVYRYPEPKSVAGTNRAEVGFELDPGNKRLVVFSAIDNMMKGSAGQAVHAANVALGIEETAGLEFQGLHPVGAP
A1D4Q5	3.2.1.58	MIFKFSQKALVALCLVVGLAEAVPSKSRVVSRASTFDYNGIVRGVNIGGWLVLEPWITPSIFDNAGDAAVDEWTLTATLGQDQAKAVLSQHWSTFITQGDFHRIAQAGMNHVRIPIGYWAVSSLPDEPYVDGQLEYLDNAISWARDAGLKVVIDLHGAPGSQNGFDNSGRKGPIAWQQGNTVSQTVDAFRALAERYLPQSDVVAAIEALNEPNIPGGVSEAGLRDYYDQIADVVRQINPDTSVFLSDGFLSTASWNGFKTGEDVVMDTHHYEMFDNYLISLDIHGHVKSACDFGKQIKGSDKPVVVGEWSGAVTDCTKYLNGKGVPTRYQGEYANNPKYGDCGDKTQGSVADLSDQERADTRRFIEAQLDAYEGKNGWLFWTWKTEGAPGWDMQDLLANGVFPSPLTDRQFPNQCA
B7M2F2	3.6.4.12	MIGRLRGIIIEKQPPLVLIEVGGVGYEVHMPMTCFYELPEAGQEAIVFTHFVVREDAQLLYGFNNKQERTLFKELIKTNGVGPKLALAILSGMSAQQFVNAVEREEVGALVKLPGIGKKTAERLIVEMKDRFKGLHGDLFTPAADLVLTSPASPATDDAEQEAVAALVALGYKPQEASRMVSKIARPDASSETLIREALRAAL
A6UCT9	3.1.21.10	MIRIIGVDPGLRRTGWGIIETLGNSLRFIASGTITSDGDMDLASRLCQLHDGLAEVVHSYQPHEAAVEQTFVNKDATATLKLGQARGIAMLVPARAGLRVAEYAPNAVKKAVIGVGHGEKQQIHMMLKVLMPKAEFKGNDAADALAIAICHAHNRQAITSRLAALAG
Q3JNR7	2.7.1.170	MQTGHPADGVYFGLMSGTSMDGVDGVAVRFEAGKPPAVLSEAFVGFADTLRDALFALQQPGDDEIEREALAANALAARYAVCCHELLRTAGLSPDDVRALGVHGQTVRHRPERGYTRQLNNAALLAELTRIDVIADFRSRDVAAGGQGAPLVPAFHATVFGSPDETRVVCNLGGISNITILPAGGGPQGEGHARNDTVRGHDCGPANALIDAWVERHLKQPFDDGGRFAARGTVDETLLAALLDEPYFRQNAPKSTGRDLFNADWLDAKLAGFQHLAPENVQATLTALTAATVADEIARHAGDCRAVYVCGGGARNPVLLDALATALAARGLDAAVATTAALGVPPQQVESLAFAWLAYRFNARAPGNVSTVTGAAGERVLGALYPR
A8MA86	2.7.7.101	MGALTISAKYLIELGFEVQGTVDKPDIIGALFSQTEGLLGSDLDLRELQNTSRIGRIEVEVEHRGDKTVGKVYVPSNLDHYETALIAAMLETVDRVGPYNAKFQVNSIKDLRSEKRKLIIDRAKELIKLIERETIPDTKELMDKFLGEVKQGEVVSYGPEGLPAGPDVESSDTVIIVEGRADVVNLIKHGYRNVIAIEGASGGIPKTVIELSRRKTTIAFTDGDRGGEMILRELLKVADIDYIARAPPGKEVEQLTAKEIAKALRNKIPVEEYINQLSKKDRQIIEESKKQIEQAQVQPSAAPTSPQPQPESTQPTQPIQQVQVTQQTQVIEVPAQTQGQVQVTTMQQSTQQTPQLPTSVVDEINKLSGTLEAIIYDKNWTVLKRVPVRDLLDTLQQVNDAYAIVFDGVGTQRLVDAAVGKGIKMLIMTRIGNIAKVPSDMVILTFNDIINK
C1AJZ7	3.4.19.3	MSKVLVTGFGPYGVTPVNPAQLTAEELDGRTIAGATVISRIVPNTFFESIAAAQQAIAEIEPALVIMLGEYPGRSMITVERLAQNVNDCGRYGLADCAGRVLVGEPTDPAGPVAYHATVPVRAMVLAMRKAGVPADVSDAAGTFVCNHLMYGVLHHLAQKGLPVRAGWIHLPCLPSVAALDHNLGVPSMSVQTAVAGVTAGIEAAIRQSADIREPIPSRLQI
Q1AXG5	7.5.2.7	MRPLLEMRGITKRFPGVVALDGVDFELLPGEVHVLLGENGAGKSTLIKILSGAYRPDGGEILMDGRPVEIRSAAEARRLGISTIYQEFNLVPQLTVAENIHLGRQPRRFGVVDRGAMERAARELLERLGIRVDPRARVADLGVARRQMVEIAKALGLRARVLIMDEPTAALSEREVRQLFRIVRRLKEEGVGVVFISHHLEEVAEIGERVTVLRDGRLVGRVSADAGRDELVRMMVGRSIEEQFPRRRTEPGEVLLEVRGLGRRGVLRDVSLRVRAGEIVGVAGLVGAGRTELARAIFGLDPADSGEVLVEGRPLEAPGPQEARRRGVGFVTEDRQGQGIVPPLSVAENLALASLERYLRGRVLVDRGRLLRRAREIVQSLRIRTPSLEQEIRYLSGGNQQKAVIGRWMLAGSRVLIMDEPTRGVDVGAKVEIYELMNRLTEEGAGILMISSEMPEVLGMSDRVLVMSGGRITGELPAEEATQERVMGLATAGSEAAVG
C5B7I2	2.2.1.9	MSSILFNRRWASVLLEALTRHGVHHVCIAPGSRSTPLTMAAASHPRLHSHTHFDERGLGHLALGLAKVSGQPVAVIVTSGTAVANLYPALIEAGLTGERLILLTADRPPELIDCGANQAIRQQNMFASHPTETLSLPRPTPDISAAWLVSSIDSAMARLDHGALHINCPFADPLYGEDDDGQQGWSAALGCWWQGETPWLQESSPYTGALRAEVDWAQWRRRRGVVLIGRVDAEAGRQAAAWGEELGWPVLGDVLSQSGQPLPCADLWLPHAEARRLLAQAEIVVQFGASLTGKRLLQWQAACKPQRYWLIDPLPGRLDPACHRGRRLVAPVQAWLQAHPAQPAAPWAPQLKVLAGRAAQCVEQTLQASFGEAQVAHRLAQLLPLRGQLFVGNSLIVRLVDALGQLPAGYPVYSNRGASGIDGLVSTIAGVQRGSGLPTLAILGDLSALYDINGLALLRQVTAPTVVIVVNNNGGQIFSMLPTPPAERERFYLMPQNVDFRHAAALFDLDYACPVDWAALTDAVSQGWRRCGTTLIELRVPGTAGAEALQQLLGKVAAL
Q9UQG0	2.7.7.49;3.1.26.4	NKSRKRRNRVSFLGAATVEPPKPIPLTWKTEKPVWVNQWPLPKQKLEALHLLANEQLEKGHIEPSFSPWNSPVFVIQKKSGKWRMLTDLRAVNAVIQPMGPLQPGLPSPAMIPKDWPLIIIDLKDCFFTIPLAEQDCEKFAFTIPAINNKEPATRFQWKVLPQGMLNSPTICQTFVGRALQPVREKFSDCYIIHYIDDILCAAETKDKLIDCYTFLQAEVANAGLAIASDKIQTSTPFHYLGMQIENRKIKPQKIEIRKDTLKTLNDFQKLLGDINWIRPTLGIPTYAMSNLFSILRGDSDLNSKRILTPEATKEIKLVEEKIQSAQINRIDPLAPLQLLIFATAHSPTGIIIQNTDLVEWSFLPHSTVKTFTLYLDQIATLIGQTRLRIIKLCGNDPDKIVVPLTKEQVRQAFINSGAWQIGLANFVGIIDNHYPKTKIFQFLKMTTWILPKITRREPLENALTVFTDGSSNGKAAYTGPKERVIKTPYQSAQRAELVAVITVLQDFDQPINIISDSAYVVQATRDVETALIKYSMDDQLNQLFNLLQQTVRKRNFPFYITHIRAHTNLPGPLTKANEEADLLVSSALIKAQELHALTHVNAAGLKNKFDVTWKQAKDIVQHCTQCQVLHLPTQEAGVNPRGLCPNALWQMDVTHVPSFGRLSYVHVTVDTYSHFIWATCQTGESTSHVKKHLLSCFAVMGVPEKIKTDNGPGYCSKAFQKFLSQWKISHTTGIPYNSQGQAIVERTNRTLKTQLVKQKEGGDSKECTTPQMQLNLALYTLNFLNIYRNQTTTSAEQHLTGKKNSPHEGKLIWWKDNKNKTWEIGKVITWGRGFACVSPGENQLPVWIPTRHLKFYNEPIGDAKKRASTEMVTPVTWMDNPIEVYVNDSVWVPGPTDDRCPAKPEEEGMMINISIGYRYPPICLGRAPGCLMPTVQNWLVEVPIVSPICRFTYHMVSGMSLRPRVNYL
A5CRS6	2.5.1.141	MNVAVQSRVDRETIGVARKTKAYVALTKPRVIELLLVTTAPVMILAQGGWPNPWLILGVLVGGTLSAGSANAFNCYIDRDIDRVMKRTQRRPLVTGELTDREALVFAWIIGVASIVWLGVISNWLAAALSLAAILFYVFVYTLWLKRRTPQNIVWGGAAGCMPVLIGWAAVTGDISWAPVILFMIVFLWTPPHYWPLSMKYRDDYASVNVPMLAVVRGRAAVGLQTILYAWATLACSLLLIPVAGMGLVYTLAALAGGGWFVYETHRLYDLAVRHEPIKPMRVFHASISYLSLLFLAVGIDPLLPF
B9KFZ2	2.7.4.3	MKQLFLIIGAPGSGKTTDASIIANDNANITHYSTGDLLRAEVASGSELGKTIDSFISKGNLVPLEVVVNTIITALKNAPTNTILIDGYPRSVEQMLEFDKVLKNQSEVNLKGVIEVKVSEEVARERVLGRARGADDNEEVFNNRMKVYLEPLNEITNFYAKENIHHIINGERSIEAIVADMKNLINELLK
A7I3W8	2.1.3.3	MRHFLTLNDFSKAEILEILSLADKIKKETKNKKYEPYLKNQTLAMIFEKSSTRTRVSFETGIYQLGGQGLFLSSRDIQLGRGEPIKDTARVISSMVDMAMLRVYKQSDLVEFAKFSSVPVINGLSDDLHPVQLMADYMTIKEIANGETIAYIGDGNNMSNSWLMLASILGLELHIATPKGYEPNKNFINIAKENAKISGAKILLTHNPKEAIEGANVVATDTWISMGQEDEKERKVKDFESFCVNKNLMSLACKDAILLHCLPAYRGYEVSDKVFESHARDIFLEAENRLHAQKGIMVWLDAHRND
Q9LDD5	3.1.3.104	MAEAIGAVSLVGHRPSIVRITVKNELKTQKSQSIVRFPVKVDYSAKGVLSHLMTQSVKKNRMSVFPIRALAMELTKEKKKDDRLPKTWNYLDSGADDKPSLWPPENKADKPSLHNPLLRQERMGCGWLGAIFEWEGVLIEDNPDLDNQSWLTLAQEEGKSPPPAFMLRRVEGMKNEQAISEVLCWSRDPVQVRRMAKRKEEIFKALHGGVYRLRDGSQEFVNVLMNNKIPMALVSTRPRETLENAVGSIGIRKFFSVIVASEDVYRGKPDPEMFIYAAQLLDFIPERCIVFGNSNQTIEAAHDGRMKCVAVASKHPIYELGAAELVVRRLDELSIIDLKKLADTDLTEFEPELEMEKEDERELPSSAVAVDDF
Q7SID3	4.2.1.84	MNGVYDVGGTDGLGPINRPADEPVFRAEWEKVAFAMFPATFRAGFMGLDEFRFGIEQMNPAEYLESPYYWHWIRTYIHHGVRTGKIDLEELERRTQYYRENPDAPLPEHEQKPELIEFVNQAVYGGLPASREVDRPPKFKEGDVVRFSTASPKGHARRARYVRGKTGTVVKHHGAYIYPDTAGNGLGECPEHLYTVRFTAQELWGPEGDPNSSVYYDCWEPYIELVDTKAAAA
A1RDW4	6.1.1.14	MNFENLLIELGTEELPPKSLRKLAESFLANFTEELTKADLAFSSAVWYAAPRRLAINVTELALAQADKIVEKRGPAVSSAFDAEGKPTKAAEGWARGNGITVEQAERLVTDKGEWLVHNAKVEGVETKSLIAAMAQRALDKLPIPKPMRWGNNKTQFIRPVHTATILLGSELIEGELLGIKSARTVRGHRFMGLKQFELAHADHYLADLKEKGKVIADYESRKALIKADAEKAAAKIGGTADIEDSLLEEVASLVEWPVVLTASFEEKFLSVPSEALVYTMKGDQKYFPVFDDAGKLLPNFIFVANIESKDPAQIISGNEKVVRPRLADAEFFFNTDKKHTLESRLPSLETVLFQQQLGTLKDKVNRISALAAFIAEQTGANAVDAARAGLLSKTDLMTNMVMEFTDTQGTMGMHYARLDGETEAVAVAMEEQYKPKFSGDTVPSAGVSCAVALADKLDTLVGIFGIGQAPKGAADPFALRRAAIGVLRIIVENKLPLDLVTLIAKAQELHGTHLSNVNASDEVLEFLMARFRAWYQDKGIGVDVILAVLARRPTRPADFDSRINAVSHFRSLEASGALAAANKRVSNILAKVEGALPTTIDASLLTEAAEQALAAKLNELQPQLAPLFANADYQQALTLLAGLRESVDQFFEDVMVMADDEALKNNRLALLNNLREQFLHVADISLLQ
Q1JJD5	2.8.1.13	MTDNSKIRVVVGMSGGVDSSVTALLLKEQGYDVIGVFMKNWDDTDEFGVCTATEDYKDVAAVADQIGIPYYSVNFEKEYWDRVFEYFLAEYRAGRTPNPDVMCNKEIKFKAFLDYAMTLGADYVATGHYAQVKRDENGTVHMLRGADNGKDQTYFLSQLSQEQLQKTLFPLGHLQKSEVREIAERAGLATAKKKDSTGICFIGEKNFKQFLSQYLPAQKGRMMTIDGRDMGEHAGLMYYTIGQRGGLGIGGQHGGDNQPWFVVGKDLSQNILYVGQGFYHEALMSNSLDASVIHFTREMPEEFTFECTAKFRYRQPDSHVTVHVRGDKAEVVFAEPQRAITPGQAVVFYDGKECLGGGMIDMAYKNGQPCQYI
Q9C7G1	2.3.2.27	MDVNEVEENFFAPGDAKLHGKMCNALSVIYCKIMSIFPSLEAARPRSKSGIQALCSLHVVLEKVKNILRHCTESSKLYLAITGDSVVLKFEKAKSSLTDSLRRVEDIVQQSIGSQLLEILMELENTEFSLDPAEKEIGDQIIGLLQQGGNFESSSDNNELEVFHQAATRLGITSSRAALTERRCLKKLIERARMEDDKRKESIVAYLLHLMRKYSKLFRSEIWDDNDSQGSSSLPCSPTIQGSIDDAHGRAFDRQLSKLSSFNFRSCNNNRRSSQMSVPPEELRCPISLQLMYDPVIIASGQTYERICIEKWFSDGHNTCPKTHQQLSHLCLTPNYCVKALISSWCEQNGVQVPDGPPESLDLNYWRLALSVSESTDTRSAKRVGSCKLKDVKVVPLEESGTIKEEACESEYQEDQVTLVERCTELLTTLTDVDTLRKKCRVVEQIRVLLKDDEEARILMGENGCVEALLQFLGSALNENNASAQKVGAMALFNLAVDNNRNKELMLASGIIPLLEEMLCNPHSHGSVTAIYLNLSCLEEAKPVIGSSLAVPFMVNLLWTETEVQCKVDALHSLFHLSTYPPNIPCLLSADLVNALQSLTISDEQRWTEKSLAVLLNLVLNEAGKDEMVSAPSLVSNLCTILDTGEPNEQEQAVSLLLILCNHSEICSEMVLQEGVIPSLVSISVNGTQRGRERAQKLLTLFRELRQRDQTHLTEPQHTEVTSPEDGFSVASAAVTETKPQCKSASRKKMGRAFSFLWKSKSFSVYQC
A3NYN0	1.13.11.5	MERTTIMTLDFSKPGEAGYQSGFANEFATEALPGALPHARNSPQRAPYGLYAEQFSGTAFTAPRGHNRRSWLYRIRPAAVHRPFELVSGERRIVAEFGDSDDVPPTPPNQLRWDPLPMPAQPTDFVDGWVTMAGNGSAAAMSGCAIHLYAANRSMRERFFYSADGELLIVPQEGRLFIMTELGRLDVEPFEIAVIPRGVRFAVALPDGRARGYVCENFGALLRLPDLGPIGSNGLANPRDFLTPHASYEDREGAFELVAKLNGRLWRADIDHSPFDVVAWHGNYAPYKYDLRHFNTIGSISYDHPDPSIFLVLQSQSDTPGVDAIDFVIFPPRWLAAEDTFRPPWFHRNVASEFMGLVHGVYDAKAEGFVPGGASLHNCMSGHGPDADTFEKASSIDTSKPNKVGDTMAFMFETRTLIRPTRFALDTAQLQANYFECWQGLKKHFNPEQR
A9MTV1	2.4.1.21	MQVLHVCSEMFPLLKTGGLADVIGALPAAQIADGVDVRVLLPGFPDIRRGIPDAHVVSRRDTFAGKISLLFGHYNGVGIYLIDAPHLYERPGSPYHDTNLYAYTDNVLRFALLGWVGCEMACGLDPFWRPDVVHAHDWHAGLAPAYLAARGRPAKSVFTVHNLAYQGMFYAKHMDDIELPWSFFNMHGLEFNGQLSFLKAGLYYADHITAVSPTYAREITEPQFAYGMEGLLRQRHLEGRLSGILNGVDEKIWNPESDLLLASRYTRDTLEEKAENKRQLQIAMGLKVNDKVPLFAVVSRLTNQKGLDLVLEALPGLLEQGGQLALLGAGDPVLQEGFLAAAAEHPGQVGVQIGYHEAFSHRIMGGADVILVPSRFEPCGLTQLYGLKYGTLPLVRRTGGLADTVSDSSLENLADGIASGFVFEDSNAWSLLRAIRRAFVLWSRPSLWRFVQRQAMAMDFSWQVAAKSYRELYYRLK
A0JQW8	4.2.1.41	MAKHSPQELASVLKDGLLSFPVTSFDSQLQFDEENYRKHLAWQASYPVAGLFAAGGTGEGFSLTPAESARVVRAAVEEVGSTVPVLASAGGSTAQAIENAQAAEAAGAEGILLLPPYLTEADQGGLIEHVSAVCSATSLGVIIYNRANAIYKDTTVAALADRHESLIGFKDGVGDLEHDARVYAKLGDRLFYLGGLPTAETFALPLLQLGMSTYSSAMYNFVPQFALDFYQDVRNHDRVAVNKKLNDFVIPYLDIRDRVKGYSVSIVKGGLDAIGRSAGGVRPPLQNLAPQDLADLKALIATVS
Q9M1K5	2.3.1.225	MAWNETKLKRLYQVWRGSNKFLCGGRLIFGPDASSLYLSTILILGPAVMFFVKMYTKMADPRTKNPNLCIPILCVSWILTILDIFFLLMTSSRDPGIVPRSFRPPETDDAPDSTTPSMEWVSGRTPNIRIPRVKDVTVNGHTVKVKFCDTCLLYRPPRASHCSICNNCVQRFDHHCPWVGQCIGVRNYRFFFMFISTSTTLCIYVFAFSWLNIFQRHMDEKISIWKAISKDVLSDILIVYCFITVWFVGGLTIFHSYLICTNQTTYENFRYRYDKKENPYNKGILGNIWEIFLSKIPPSMNKFRSFVKEEDYMMMMVETPTSNLGESLVSSKEKIDIEMGGGRIVDESGKSYSLPEILRNLNYEDLEDDCEEDDLKAKDHHHHHHHQHQHNEGIIPPFDPFFTNEIGSNKDERNGEESGGSSSDGENTGKRVRVSDEDEEKVEGYERNWSTDKGMNINAGSEDGASSPVSTSPMLRK
A4Y9A6	5.4.2.7	MKRTIIMMLDSFGVGASADAASFGDVGSDTFGHIAKACAEGKADIGREGPLKLPNLARLGLGHAAMESTGAFAPGFGDNVELIGAYGHAQELSSGKDTPSGHWEMAGVPVLFEWGYFSEHQNSFPKELTDKILARAGLDGFLGNCHASGTTILEELGEEHMRSGKPIFYTSADSVFQIACHEETFGLDNLYRLCEITREELAPYNIGRVIARPFNGTGQSDFARTGNRKDYSLEPPAKTVLDKLKAAGGEVVSVGKIADIYAYCGITKKVKANGLEDLFDATLAEVKSAGDNTIVFTNFVDFDSHYGHRRDVAGYAKGLEYFDARLPEMLALLGEDDLLILTADHGCDPTWQGTDHTREYVPVLAYGAGLKAGSLGRRNSFADIGQSIASHFKLEPMAYGESFI
Q8DVF2	4.2.1.20	MTKTLTKHLQAIKAEGKGLFIPYIMAGDHDKGLDGLFDTISFLEAQGVSAIEIGIPWSDPVADGPVIELAGQRSLVKGTSLASIIARLQEKKTQVPLVIMTYFNPVFQYGVETFVADLQNTSVKGLIIPDLPHEQESFIKPYLENLDLALVPLVSLTTGLERQKELIEDARGFVYAVAINGVTGKTGNYRDDLDKHLKHLTEIAQIPVLTGFGVSTLADIKRFNQVSDGVIVGSKIVKGLHEGMQEEIKDFIYAGSHYQK
P45294	4.3.3.6;3.5.1.2	MKIGILALQGAFAEHARMLEKLGIESVELRNLKNFQQHYSDLSGLILPGGESTAIGKLLRELYMLEPIKQAISSGFPVFGTCAGLILLAKEITSQKESHFGTMDIVVERNAYGRQLGSFYTEADCKGVGKIPMTFIRGPIISSVGKKVNILATVNNKIVAAQEKNMLVTSFHPELTNNLSLHKYFIDICKVA
Q9AXU4	4.3.1.19	MEVLCQAPAGNSNFACNPKFTAIRTRAISSNDTFKVISSTGNNKKMKGAIRTSIPKPSALPLKVSQLSPSADSMPVPASLQDVEAGKLIENNPSGGDTEELFQYLVEILASRVYDVAIDSPLQNAAKLSKKLGVNFWIKREDMQSVFSFKLRGAYNMMTKLSKEQLERGVITASAGNHAQGVALGAQRLKCTATIVMPVTTPEIKIEAVKNLDGKVVLHGDTFDKAQEHALKLAEDEGLTFIPPFDHPDVIIGQGTIGTEINRQLKDIHAVFVPVGGGGLIAGVAAYFKRVAPHTKIIGVEPFGASSMTQSLYHGERVKLEQVDNFADGVAVALVGEETFRLCKDLIDGMVLVSNDAISAAVKDVYDEGRNILETSGALAIAGAEAYCKYYNIKGENVVAIASGANMDFSKLKLVVDLADIGGQREALLATFMPEEPGSFKKFCELVGPMNITEFKYRYNSGRKQALVLYSVGVNTKSDLESMLERMKSSQLNTVNLTNNNLVKEHLRHLMGGRSEPSNEIFCQFIFPEKPGALRKFLDAFSPRWNISLFHYREQGELDASVLVGFQVPKGEIEEFRVQANNLGYSYEIESLNEASQLIME
Q5D006	3.4.19.12	MAAVAADPAAAAVPASAEDRETQPEAMPDLDQQWRQIGNGRERPLRAGESWFLVEKHWYKQWEAYVKGGDQDASTFPGSINNSGLFEDQISWHLRERLVEGDDYVLLPAPAWNYLVSWYGLKDDQPPIERKVIELPGIRKVEVYPIELLLVQHSDMETALTIQFSYSDSVDLVLQTAREQFLVEPQEDTRLWTKNSEGSLDRLCNTQITLLDACLETGQLVIMETRNKDGTWPSAQLCGMNNMPDEDEDFQGQPGICGLTNLGNTCFMNSALQCLSNVPQLTEYFLNNRYLEELNFRNPLGMKGELAEAYADLVKQTWSGYHRSIVPNVFKNKVGHFASQFLGYQQHDSQELLSFLLDGLHEDLNRVKKKEYVELCNGAGRPDLEVAQEAWQNHKRRNDSVIVDTFHGLFKSTLVCPDCGNVSVTFDPFCYLSVPLPVCSRRVLEVFFVPMDPRRKPEQHRVVVPKKGNISDLCVALSTHTSVAPDKMIVADVFSHRFYKLYQLEDPLSGILDRDDIFVYEVTGRIEPVEGSRDDIVVPVYLRERTPSRDYNNSYYGLILFGHPLLVSVPRDRFSWEGLYNILMYRLSRYVTKPTSDDDDGDEKGDENEDEDVEDDSSSEEEKEEMSGPTDNDGTQESEQEQAGTSSGVTGRCPSLLDNSLHTSQWPPRRRRKQLFTLQTVNSNGTSDRTTSPEEAQTQPYIAMDWEPEMKRRYYDEVEAEGYVKHDCVGYMLKKNPVQLKECIKLFTTVETLEKENPWYCSSCKQHQLATKKLDLWMLPEVLIIHLKRFSFSKFSREKLDTLVQFPIRDLDFSEFVIKPKNESAPDLYKYDLIAVSNHYGGMRDGHYTTFACNKDSGQWHYFDDNSVSPVNENQIESKAAYVLFYQRQDVGRRQSQTASSETPTSPASSSTPNSDIMDVN
B7MAY9	1.8.4.12	MANKPSAEELKKNLSEMQFYVTQNHGTEPPFTGRLLHNKRDGVYHCLICDAPLFHSQTKYDSGCGWPSFYEPLSEESIRYIKDLSHGMQRIEIRCGNCDAHLGHVFPDGPQPTGERYCVNSASLRFTDGENGEEING
O84734	6.1.1.11	MLDIRLIRKEPKECESRLQKKDPAISLERLLDLDKTVRQLKADSEALLAKRKVLSGQIHKAKVANENADALIQEVNTIADQLVAFETTLQEQEALLEDLMARLPNYPDEDVPVSPDKTGNQVIKGHGEVPTFPFPPKHHMQLNEALQILDFKLPAKTTGSGWPAYCNEGVLLEWALLTYLLNKQQAHGFQLWLPPLLVKRDILFGSGQIPKFDGQYYRVEDGDQSLFLIPTAEVVLNGFHSQEILNEQDLPLCYAAFTPCFRREAGAGGAHERGLVRVHQFHKVEMFAFTTPEQEEVVYQKMLHVVEEILSELQLPYQLSLLSTGDMSFTAKKTIDAEVWLPGQKAFYEVSSISKCGDFQARRSETRYRDAQGKLHFVNTLNGSGLATPRLLVAILENYQQADGSVVIPSVLRPYMNNQEILLPKTVR
Q9Y041	1.13.11.5	MSEFDELKYLTGFGNEHATSDPRVPDALPVGQNSPQKCSHGLYAEQLSGTAFTAPRSQNQRSWLYRIRPSVIHRPFEAMKENDQHWTNNFSSIPPNPNQYRWNPFPLPTKEGVTFVDNLYTVCGGGDVISRTGLAIHQFSCNASMEHTAMYNSDGDFLIVPQQGALEITTEFGRLLVNPQEIAVIPQGIRFSVAVRGPSRGYILEVYGTHFQLPDLGPIGANGLANPRDFEAPVAWFEDLDVEFTIINKYQGSWFQAKQGHSPFDVVGWHGNYVPYKYDLKKFMVINTVSFDHCDPSIFTVLTAPSVKHGTAIADFVIFPPRWGCADNTFRPPYYHRNCMSEYMGLITGCYEAKEGGFKPGGGSLHSMMTPHGPDFNCFEMASNADLKPQRVAEGTMSFMFESSLNMAITNWAVYQNVDKDYYKDWQPLKKHFTMPK
P0CG18	2.7.7.56	MRPAGRSNNQVRPVTLTRNYTKHAEGSVLVEFGDTKVLCTASIEEGVPRFLKGQGQGWITAEYGMLPRSTHTRNAREAAKGKQGGRTMEIQRLIARALRAAVDLKALGEFTITLDCDVLQADGGTRTASITGACVALVDALQKLVENGKLKTNPMKGMVAAVSVGIVNGEAVCDLEYVEDSAAETDMNVVMTEDGRIIEVQGTAEGEPFTHEELLILLALARGGIESIVATQKAALAN
B0C7G7	3.1.3.11	MSHPTTFNSHLWQQHRLAQQPIEISILLTQMGFAAKVLAREISRAALMGNLGLMGETNATGDAQKKLDVFSNQIVIDAFSNIGLVAVIASEELDQVKLIECGQQAQYILCTDPLDGSSNTDTGSAVGTIFGIYRRQTSGYCSTEADVLQPGTELVTAGYVLYGTSTMLVYTTGGRVDGFTLDPSLGEFLLSHENIRCPETGKTYSANLSYYQEWHPHIQNFADYLSDRKSHTAHTLRYSGALVADVHRCLLEGGLYFYPPTADQPEGKLRLLYECAPLAFLVEQAGGKATSGLARIMDLEVTSIHQRSPLVIGSQVAVNLYQTFLEQGKAA
Q5GZR6	2.3.2.6	MTPFRRPIVLATSASAPFPPAEAALTDPDGLLAVGGDLSPQRLLNAYAHGIFPWYSDGRPILWWSPDPRMVFRTDGVRLSSRFKRQLRASTWTVRADTAFEQVIDACAASPRPGQDGTWITAEMQQAYIALHRLGHAHSIEVFDGARLVGGIYGVAVGRMFFGESMFSGESGGSKVALAALAADLHGRGWPLIDAQVENPHLLSMGAERLPRAEFLHDVQRQVALAEQPGSWSQRYGEHAASDLCETHLT
Q0SPA1	2.1.2.9	MKIFFVSSSSIALEVFKEIVKHYEVVGVLTLPDKPKGRGQKLSQNVIKLEAIAKNIKVFDPLILDDNILNLIRDLNPDLMLVFSYGKIFKKEFLDIFPKGCINVHPSLLPKYRGVSPIQSAILNGDCVSGITIQNMALKMDSGNILVQKNFKIKSCDTSYDISKLVSSLSPNLVLEALEKIGKGFLGIPQKSSEATFCSFFKKESGFVDFNLSAFEIKNRINACNPWPLARARLDYGDIIFHRADFLKIDLYKEKKVGEIVDFDSEKGLFVNTGEGILLLLEVQRPGRRVLDYKSFYNGSRQLIGQVFSSIGGVY
Q9A448	2.1.3.15	MAAHYLDFERPIADLESKIEELSRLSETAGPGAFDTEIQALRDRAQELRKEAYANLDAWQKTMVARHPQRPHLRDYVAGLIDEFVELRGDRKFADDQAIVGGLGRFRGQPVVVMGHEKGHDTTTRLKHNFGMARPEGYRKAVRLMDMAERFNLPVITFVDTAGAYPGLGAEERGQAEAIARSTERCLTLGVPMVATIVGEGGSGGAIALAGANRVLILEHSIYSVISPEGAASILWRDGARAKDAATQMRITAQDLIKLGIVDRIVEEPAGGAHSDTEAAIQAVGDAVEDELKAMAAMSPAELKKQRSDRFYAIGRAGLQ
Q989E7	1.1.1.23	MAITLRQSDADFEQRFAAFLTTKREVSEDVDAGVRQIIARVRAEGDAALIDYTQRFDRADLKSLGIAVSKQDIAAAYETADPKAIEALEFARDRIRSHHERQRPKDDRYTDATGVELGWRWTAIEAVGLYVPGGTASYPSSVLMNAVPARVAGVERVVMVVPAPGGIINPLVLVAADISGVTEIYRVGGAHAIAALAYGTETIKPVAKIVGPGNAYVAAAKRQVFGTVGIDMIAGPSEVLVVADGSNNADWIAADLLAQAEHDVSAQSILITDDPAFGKAVEQAVERQLQTLPRGETAAASWRDFGAVIEVATIEAALPLVDRIAAEHVELAIDDAEGFLSRMRNAGAVFLGRHTPEAIGDYVGGSNHVLPTARSARFSSGLSVLDFVKRTSILKLGPEQLRVLAPAAIALAKAEGLDAHGRSVAIRLNM
Q1RBP8	2.1.1.144	MSDWNPSLYLHFAAERSRPAVELLARVSLENIEYIADLGCGPGNSTALLHQRWPAARITGIDSSPAMIAEARSALPDCLFVEADIRNWQPEQALDLIFANASLQWLPDHYELFPHLVSLLSPLGVLAVQMPDNWLEPTHVLMREVAWEQNYPDRGREPLAGVHAYYDILSEAGCEVDIWRTTYYHQMPSHQAIIDWVTATGLRPWLQDLTESEQQHFLTRYHQMLEEQYPLQENGQILLAFPRLFIVARRTE
O70351	1.1.1.35;1.1.1.62;1.1.1.239;1.1.1.178;1.1.1.53;1.1.1.159	MAAAVRSVKGLVAVITGGASGLGLSTAKRLVGQGATAVLLDVPNSEGETEAKKLGGNCIFAPANVTSEKEVQAALTLAKEKFGRIDVAVNCAGIAVAIKTYHEKKNQVHTLEDFQRVINVNLIGTFNVIRLVAGVMGQNEPDQGGQRGVIINTASVAAFEGQVGQAAYSASKGGIVGMTLPIARDLAPIGIRVVTIAPGLFATPLLTTLPDKVRNFLASQVPFPSRLGDPAEYAHLVQMVIENPFLNGEVIRLDGAIRMQP
Q2M2I8	2.7.11.1	MKKFFDSRREQGGSGLGSGSSGGGGSTSGLGSGYIGRVFGIGRQQVTVDEVLAEGGFAIVFLVRTSNGMKCALKRMFVNNEHDLQVCKREIQIMRDLSGHKNIVGYIDSSINNVSSGDVWEVLILMDFCRGGQVVNLMNQRLQTGFTENEVLQIFCDTCEAVARLHQCKTPIIHRDLKVENILLHDRGHYVLCDFGSATNKFQNPQTEGVNAVEDEIKKYTTLSYRAPEMVNLYSGKIITTKADIWALGCLLYKLCYFTLPFGESQVAICDGNFTIPDNSRYSQDMHCLIRYMLEPDPDKRPDIYQVSYFSFKLLKKECPIPNVQNSPIPAKLPEPVKASEAAAKKTQPKARLTDPIPTTETSIAPRQRPKAGQTQPNPGILPIQPALTPRKRATVQPPPQAAGSSNQPGLLASVPQPKPQAPPSQPLPQTQAKQPQAPPTPQQTPSTQAQGLPAQAQATPQHQQQLFLKQQQQQQQPPPAQQQPAGTFYQQQQAQTQQFQAVHPATQKPAIAQFPVVSQGGSQQQLMQNFYQQQQQQQQQQQQQQLATALHQQQLMTQQAALQQKPTMAAGQQPQPQPAAAPQPAPAQEPAIQAPVRQQPKVQTTPPPAVQGQKVGSLTPPSSPKTQRAGHRRILSDVTHSAVFGVPASKSTQLLQAAAAEASLNKSKSATTTPSGSPRTSQQNVYNPSEGSTWNPFDDDNFSKLTAEELLNKDFAKLGEGKHPEKLGGSAESLIPGFQSTQGDAFATTSFSAGTAEKRKGGQTVDSGLPLLSVSDPFIPLQVPDAPEKLIEGLKSPDTSLLLPDLLPMTDPFGSTSDAVIEKADVAVESLIPGLEPPVPQRLPSQTESVTSNRTDSLTGEDSLLDCSLLSNPTTDLLEEFAPTAISAPVHKAAEDSNLISGFDVPEGSDKVAEDEFDPIPVLITKNPQGGHSRNSSGSSESSLPNLARSLLLVDQLIDL
Q2YXW4	2.3.1.275	MMIIVMLLLSYLIGAFPSGFVIGKLFFKKDIRQFGSGNTGATNSFRVLGRPAGFLVTFLDIFKGFITVFFPLWLPVHADGPISTFFTNGLIVGLFAILGHVYPVYLKFQGGKAVATSAGVVLGVNPILLLILAIIFFIILKIFKYVSLASIVAAICCVIGSLIIQDYILLVVSFLVSIILIIRHRSNIARIFRGEEPKIKWM
Q8R9P3	1.7.1.13	MTDKYKERRFDIYGYEKIDKEVLESIEYEYPEKNTIVEYITDEFSSVCPWTGLPDNAKLTIRYIPHKKLVELKSLKYYLTSYRNVGILQEHAINRILDDLVEFLQPKFMEIIGEFQERGGIATRIIARYEKEEY
P0A999	1.16.3.2	MLKPEMIEKLNEQMNLELYSSLLYQQMSAWCSYHTFEGAAAFLRRHAQEEMTHMQRLFDYLTDTGNLPRINTVESPFAEYSSLDELFQETYKHEQLITQKINELAHAAMTNQDYPTFNFLQWYVSEQHEEEKLFKSIIDKLSLAGKSGEGLYFIDKELSTLDTQN
A7Z119	3.4.19.3	MEKKVLLTGFDPFGGETVNPSWEAVKRLNGAAEGPASIVSEQVPTVFYKSLAVLREAIKKHQPDIIICVGQAGGRMQITPERVAINLNEARIPDNEGNQPVGENISQGGPAAYWTGLPIKRIVEEIKKEGIPAAVSYTAGTFVCNHLFYGLMDEITRHHPHIRGGFIHIPYIPEQTLQKSAPSLSLDLVTKALKIAAVTAAAHEDDIETGGGELH
Q8DYH1	1.8.4.11	MERAIFAGGCFWCMVQPFEELDGIESVLSGYTGGHVENPTYKEVCSKTTGHTEAVEIIFNPEKISYADLVELYWAQTDPTDAFGQFEDRGDNYRPVIFYENEEQRQIAQKSKDKLQASGRFDRPIVTSIEPADTFYPAEDYHQAFYRTNPARYALSSARRHAFLEENWH
B0TZF5	3.1.1.29	MPKIKMIVGLGNIGKEYENTRHNVGEWFIAKIAKDNNENFSLNSKLNCNIAKVNINYNNIILVFPTTFMNNSGLAVSKVANFYKIEPEEILVVHDELDIDSGEIRLKKGGGHGGHNGLRSIHQHLGTNDYLRLRIGIGHPGHKSKVSNYVLSNPSVAQKNDIDNAIDNGICVLDDIINYKLEPAMQRLHTK
F4I8H8	3.1.4.46	MAIFEWRHRRRPFDGGGTRRRRFFSPLYSRNFKRTILFAVIFLAIFPPLYFHFKLRRIRQIVAQKCDWLHHPPLVCAHGGDSTLAFPNTMDAYSFAIRSRVDCIEVDVSRSSDGVLFALHNRDLQRIARNSSVQVGDLSMKQIKELDVSEIVKGTLGSSRIPTLEEALALISNSVRKVILDAKVGPPMYEKGLAQDILSIIERAQCNNCIVWAKSDTLARDIIRRAPDTMVGYIVMVDPLTGARNSLLRMKGARVVGVYHPLIDEELVRVVRRRNKEVYAWTVDDADPMKRMLHLGVDAVVTSDPSMFQGLMEDLRTECLEEGFSIRT
P18304	4.1.1.48	MNASGDELAPDVRAILEAARERPGGETRVSVDARSFPEAVAETEAAGRVPVIAEVKPTSPTTEGVREDDPVELAREMVAGGATALSVLTEPEHFGGSAESLRRIREAVDVPVLRKDFIMNEAQLDVVQSDLVLLIARFVGEDLPALVEAARDRGFQPLVEVHTREELTAALAAGADIVGINNRDLGKLEVDLGTFEELAPEAPEDVLLVAESGVQTVDDARRMREAGADALLVGTAIMDGDVRQNTETLTQ
A3Q0T3	6.3.4.5	MSERVILAYSGGLDTSVAISWIGKETGREVVAVAIDLGQGGEDMDVVRQRALDCGAVEAVVVDARDEFAENYCLPAIQSNALYMDRYPLVSALSRPLIVKHLVDAAREHKGGIVAHGCTGKGNDQVRFEVGFASLAPDLEVLAPVRDYAWTREKAIAFAEENAIPINVTKRSPFSIDQNVWGRAVETGFLEHLWNAPTKDVYDYTEDPTLNWSTPDEVIVGFDKGVPVSVDGRDVTVLQAIEELNRRAGAQGVGRLDVVEDRLVGIKSREIYEAPGAMVLITAHTELEHVTLERELGRFKRTTDQKWGELVYDGLWFSPLKTALESFVAKTQEHVSGEIRLVLHGGHIAVNGRRSQESLYDFNLATYDEGDTFDQSSAKGFVHVHGLSSSISARRDLGIK
Q214L6	2.8.4.4	MNQAAAPKVSFVSLGCPKALVDSERIITRLRAEGYELARKHDGADLVIVNTCGFLDSAKKESLGAIGEAMAANGKVIVTGCMGAEPEQIEAAYPNLLSITGPQQYESVLDAVHRALPPLHNPHLDLVPAQGIKLTPRHYAYLKISEGCNNRCSFCIIPKLRGDLVSRPAGEVLREAEKLVKAGVKELLVVSQDTSAYGVDLKYAESPWQDRNVRARFYDLAKELGELGAWVRLQYVYPYPHVDEVIGLMAQGKVLPYLDIPFQHASPEVLKQMKRPAAQDKTLARIKQWREICPELTLRSTFIVGFPGETDSDFAYLLDWLEQAEIDRVGAFKYEAVRGATSNALPDQVSDEVKTERWNALMARQQKISARRLKRKVGTRQQVIIDEVGPTVSKGRSKADAPQIDGSVYLTSRRPLRVGEIVTAKIERADAYDLHGSVAGF
B2K5V7	3.1.1.85	MKQLYWYTCGEGDCDLVLLHGWGLNSGVWHCIIDRLAPHFRLHLVDLPGYGRSQDYGAMSLADMAERVAQQAPKQALWLGWSMGGLVASQIALSQPECVRGLITVSSSPCFTARDEWPGIKPEVLAGFQHQLSDDFHRTVERFLALQTLGTESSRQDARLLKSVVLQHQMPDVEVLTGGLEILRTADLRTALSGFTLPFMRVYGHLDSLVPRKVASLLDSAWPQTQSVVMQGAAHAPFISHPNDFAKLILNFAEENKK
Q5H4D0	4.2.1.33	MTPFTQHTGLVAPLDRANVDTDQIIPKQFLKSIKRTGFGPNLFDEWRYLDIGEPGRDNSTRPLNPEFVLNFPRYQGASVLLARENFGCGSSREHAPWALDEYGFRAVIAPSFADIFYNNSFKNGLLPIVLAEAEVDALFEQCLANEGYQLTVDLAAQRVRRPDGVEYSFDIDAFRKHCLLNGLDDIGLTLQEADAIGRFEQDHRARQPWLFGALQ
Q8NX44	2.1.3.3	MKNLRNRSFLTLLDFSRQEVEFLLTLSEDLKRAKYIGTEKPMLKNKNIALLFEKDSTRTRCAFEVAAHDQGANVTYLGPTGSQMGKKETTKDTARVLGGMYDGIEYRGFSQRTVETLAEYSGVPVWNGLTDEDHPTQVLADFLTAKEVLKKDYADINFTYVGDGRNNVANALMQGAAIMGMNFHLVCPKELNPTDELLNRCKNIAAENGGNILITDNIDQGVKGSDVIYTDVWVSMGEPDEVWKERLELLKPYQVNKEMMDKTGNPNVIFEHCLPSFHNADTKIGQQIFEKYGIREMEVTDEVFESKASVVFQEAENRMHTIKAVMVATLGEF
Q8P3Q0	1.3.3.3	MNEFDRVRDYLTDLQDRICAAVEAIDGKARFAEDLWQRAEGGGGRTRILRDGAVFEQAGIGFSDVSGARLPPSASAHRPELAGATWRACGVSLVFHPHNPHIPTTHANVRYFRAERDGEMVAAWFGGGFDLTPFYPVDEDVMHWHRTAQALCAPFGEERYAAHKRWCDEYFFLRHRNETRGVGGLFFDDLGQDFERDFAYQRAVGDGFLDAYLPIVERRKDTPYGEAERAFQLYRRGRYVEFNLVYDRGTLFGLQSGGRAESILMSLPPQVRWEYGFQPQPGSAEARLADYLIPRDWLG
Q2YUU4	4.1.2.4	MKFEKYIDHTLLKPESTRTQIDQIIDEAKAYNFKSVCVNPTHVKYAAERLADSEVLVCTVIGFPLGASTTATKAFETEDAIQNGADEIDMVINIGALKDGRFDDVQQDIEAVVKAAKGHTVKVIIETILLDHDEIVKASELTKAAGADFVKTSTGFAGGGATAEDVKLMKDTVGADVEVKASGGVRNLEDFNKMVEAGATRIGASAGVQIMQGLEADSDY
P19531	3.2.1.133	MKKKTLSLFVGLMLLIGLLFSGSLPYNPNAAEASSSASVKGDVIYQIIIDRFYDGDTTNNNPAKSYGLYDPTKSKWKMYWGGDLEGVRQKLPYLKQLGVTTIWLSPVLDNLDTLAGTDNTGYHGYWTRDFKQIEEHFGNWTTFDTLVNDAHQNGIKVIVDFVPNHSTPFKANDSTFAEGGALYNNGTYMGNYFDDATKGYFHHNGDISNWDDRYEAQWKNFTDPAGFSLADLSQENGTIAQYLTDAAVQLVAHGADGLRIDAVKHFNSGFSKSLADKLYQKKDIFLVGEWYGDDPGTANHLEKVRYANNSGVNVLDFDLNTVIRNVFGTFTQTMYDLNNMVNQTGNEYKYKENLITFIDNHDMSRFLSVNSNKANLHQALAFILTSRGTPSIYYGTEQYMAGGNDPYNRGMMPAFDTTTTAFKEVSTLAGLRRNNAAIQYGTTTQRWINNDVYIYERKFFNDVVLVAINRNTQSSYSISGLQTALPNGSYADYLSGLLGGNGISVSNGSVASFTLAPGAVSVWQYSTSASAPQIGSVAPNMGIPGNVVTIDGKGFGTTQGTVTFGGVTATVKSWTSNRIEVYVPNMAAGLTDVKVTAGGVSSNLYSYNILSGTQTSVVFTVKSAPPTNLGDKIYLTGNIPELGNWSTDTSGAVNNAQGPLLAPNYPDWFYVFSVPAGKTIQFKFFIKRADGTIQWENGSNHVATTPTGATGNITVTWQN
A4W892	2.5.1.72	MSVMFDPEAAIYPFPPKPLPLNLDEKQFYREKIKRMLKERDAVMVAHYYTDPEIQQLAEETGGCISDSLEMARFGAKHSASTLLVAGVRFMGETAKILSPEKTILMPTLNAECSLDLGCPIEEFSAFCDAHPDRTVVVYANTSAAVKARADWVVTSSIAVELIEHLDSLGQKIIWAPDKHLGNYVQKQTGADVLCWQGACIVHDEFKTQALVRMKALYPEAAILVHPESPQSIVDMADAVGSTSQLINAAKTLPQQKLIVATDRGIFYKMQQAVPEKELFEAPTAGEGATCRSCAHCPWMAMNGLKAIADGLESGGAAHEIHVDAALREGALLPLNRMLEFAATLRS
Q2RV34	1.1.1.37	MARKKIALVGAGNIGGTLAHLIGLKELGDVVLFDIAEGTPQGKALDIAESTPIEGVDASYSGSNDYAAIKDADVVIVTAGVPRKPGMSRDDLIGINAKVMSAVGQGIRANCPNAFVICITNPLDAMVWVLREVSGLPHNKVVGMAGVLDSARFRYFLSEEFNVSVKDVNAFVLGGHGDTMVPLPRYSTVAGIPLPDLVKMGWTTQEKLDQIIQRTRDGGAEIVGLLKTGSAFYAPAAAAVQMAEAYLKDQKRVLPCAAWVEGQYGLDGIYVGVPTIIGAGGIEKVIEIELNADEKAAFAKSVDSVRGLIAASKELMPK
Q88L02	4.2.1.17;5.1.2.3;5.3.3.8;1.1.1.35	MIYEGKAITVKALESGIVELKFDLKGESVNKFNRLTLNELRQAVDAIRADASVKGVIVRSGKDVFIVGADITEFVDNFKLPEAELVAGNLEANRIFNAFEDLEVPTVAAINGIALGGGLEMCLAADYRVMSTSARIGLPEVKLGIYPGFGGTVRLPRLIGSDNAIEWIAAGKENRAEDALKVGAVDAVVAPELLLAGALDLIKRAISGELDYKAKRQPKLEKLKLNAIEQMMAFETAKGFVAGQAGPNYPAPVEAIKSIQKAANFGRDKALEVEAAGFAKLAKTSVAESLIGLFLNDQELKRKAKAHDEIAHDVKQAAVLGAGIMGGGIAYQSAVKGTPILMKDIREEAIQLGLNEASKLLGNRVEKGRLTPAKMAEALNAIRPTLSYGDFANVDIVVEAVVENPKVKQAVLAEVEGQVKDDAILASNTSTISINLLAKALKRPENFVGMHFFNPVHMMPLVEVIRGEKSSDVAVATTVAYAKKMGKNPIVVNDCPGFLVNRVLFPYFGGFAKLVSAGVDFVRIDKVMEKFGWPMGPAYLMDVVGIDTGHHGRDVMAEGFPDRMKDERRSAVDALYEANRLGQKNGKGFYAYETDKRGKPKKVFDATVLDVLKPIVFEQREVTDEDIINWMMVPLCLETVRCLEDGIVETAAEADMGLVYGIGFPPFRGGALRYIDSIGVAEFVALADQYADLGPLYHPTAKLREMAKNGQRFFN
Q14JI3	2.5.1.61	MKQITIASRESKLALWQTNFVKNRIQLELNIPCEISTMKTQGDIILDQPLNKIGGKALFMKELEVAMLSNKADIAVHSLKDVPYQLPQGFCLAGFMPREDPRDAFVSNKYNSIDDLPKGAVVGTSSLRRKAQLLHYRDDLEIRDLRGNIQTRLSKLDNGDYDAIILASAGLIRLELVERITQFIPVEISLPAVGQGIVVIEALERDNDLLEKIQKLNCRESSRVATAERAFNQELKGGCHVAIGAYAELDNNQITLMAMVASSDGKKILKRKMIGDDPTKLGKLLAQEMIALGAYKILES
B5Z9Q1	6.1.1.3	MSAELIAVYKDEQIIDLESAKVLGLSDGIKALKGTEPIYFDDSPLALEVIRHSCAHLLAQSLKALYPDAKFFVGPVVEEGFYYDFKTASKISEEDLPKIEAKMKEFAKLKLAITKEVLTREQALERFKGDELKHAVMSKISGDAFGVYQQGEFEDLCKGPHLPNTRFLNHFKLTKLAGAYLGGDESNEMLIRIYGIAFATKEGLKDYLFQIEEAKKRDHRKLGVELGLFSFDDEIGAGLPLWLPKGARLRKRIEDLLSKALLLRGYEPVKGPEILKSDVWKISGHYDNYKENMYFTTIDEQEYGIKPMNCVGHIKVYQSALHSYRDLPLRFYEYGVVHRHEKSGVLHGLLRVREFTQDDAHIFCSFEQIQSEVSAILDFTHKIMQAFDFSYEMELSTRPAKSIGDDKVWEKATSALKEALKEHRIDYKIDEGGGAFYGPKIDIKITDALKRKWQCGTIQVDMNLPERFKLAFTNERNHAEQPVMIHRAILGSFERFIAILSEHFGGNFPFFVAPTQIALIPINEEHHVFALKLKEALKKRDIFVEVLDKNDSLNKKVRLAEKQKIPMILVLGNEEVETEILSIRDREKQAQYKMPLKEFLSMVESKMQEVSF
A6WHB0	2.1.2.9	MKPLNIIFAGTPDFAARHLQALLNSHHNVIGVYTQPDRPAGRGKKLTASPVKELAVGNNIPVYQPGSLRKEPAQQELAALNADIMVVVAYGLILPKVVLNTPRLGCINVHGSILPRWRGAAPIQRALWAGDKETGVTVMQMDVGLDTGDMLLKTTLPIEDSDTSASLYEKLAEQGPVALLQALEGLANGTLAAEKQDEALANYAEKLSKEEARLDWNKSAQQLWQEVRAFNPWPVSYFEHQGNTIKVWQTQVSETTSTAAPGTIISASKKGIEVATADGVLTLLNMQLPGKKPLNVADILNARGEWFSPNTRLANEAQ
Q0K8J6	1.18.1.2	MDLSIPNPVADTTKQVDGGSPAGGQPQEIDALIVGAGPVGLFQVFELGLLEIKAHVIDSLKVVGGQCVELYPDKPIYDIPAVPICTGQELTDNLLKQIEPFEPTFHLGQEVAVVERREDGRFFVETSLGTRFITKTIFIAAGVGSFQPRTLKVEGIDKFDGKQLFYRVKDPSRFHGRNLVIIGGGDSALDWTLDLVGKAESVVMIHRRDGFRAAPASVAKMKELCEQMEMQFLVGQVGGYEEKDGVLTEIKVTGADGVTRRLPVDDLLVFFGLSPKLGPIAEWGLDLERKQIKVDTEKFETNIPGIFAVGDINTYPGKKKLILSGFHEAALAAFGAAPYIFPEKKIHMQYTTTSPKLHKILGVDSPVFD
Q5PBZ6	1.1.1.94	MNQSNASMTVIGAGSYGTALAITLARNGHQVVLWGHDPKHIATLEHDRCNVAFLPDVPFPDTLHLESDLATALAASRNILVVVPSHVFSDVLRQIKPLMRPDARLVWATKGLEAETGRLLQDVAREALGDQIPLAVISGPTFAKELAAGLPTAISLASTDETFADDLQQLLHCGKSFRVYINADFIGVQLGGAVKNVIAIGAGMSDGIGFGANARTALITRGLTEMSRLGAALGADPATFMGMAGLGDLVLTCTDNQSRNRRFGMMLGQGMDVKGAQDKIGQVVEGYRNTKEVRELAHRFGVEMPITEEIYQVLYCGKNAREAALTLLGRARKEELSRH
P24462	1.14.14.1	MDLIPNLAVETWLLLAVSLILLYLYGTRTHGLFKKLGIPGPTPLPFLGNALSFRKGYWTFDMECYKKYRKVWGIYDCQQPMLAITDPDMIKTVLVKECYSVFTNRRPFGPVGFMKNAISIAEDEEWKRIRSLLSPTFTSGKLKEMVPIIAQYGDVLVRNLRREAETGKPVTLKHVFGAYSMDVITSTSFGVSIDSLNNPQDPFVENTKKLLRFNPLDPFVLSIKVFPFLTPILEALNITVFPRKVISFLTKSVKQIKEGRLKETQKHRVDFLQLMIDSQNSKDSETHKALSDLELMAQSIIFIFAGYETTSSVLSFIIYELATHPDVQQKVQKEIDTVLPNKAPPTYDTVLQLEYLDMVVNETLRLFPVAMRLERVCKKDVEINGMFIPKGVVVMIPSYVLHHDPKYWTEPEKFLPERFSKKNKDNIDPYIYTPFGSGPRNCIGMRFALVNMKLALVRVLQNFSFKPCKETQIPLKLRFGGLLLTEKPIVLKAESRDETVSGA
Q7VNG4	7.6.2.11	MEKLEQKTIVELRNVTKSYGDKTILKDLNLTINDGEFLTILGPSGCGKTTALRLIAGFEDLTEGSIILDGQDVSNVSAEKRPVNTVFQSYALFPHMTIFENVAFGLRMQKVPNEQITPRVMEALRMVRLEDRAEQKPAQLSGGQQQRIAIARAVVNKPKVLLLDESLSALDYKLRKEMQNELKALQRQLGITFIFVTHDQEEALTMSDRIIVMNAGKVAQDGTPREIYEEPKNLFVARFIGEINVFDATVIERIDARNVKANVEGRICHIKVEDMQVVPNQKLKVLLRPEDIVIEELDEDQSSKAIIGHIIDRNYKGMTLESSVKLDHNGMNVLVSEFFNEDDPHIDHSVGQKVALTWHEGWEVVLNDEDC
Q9DCX8	1.21.1.1	MFLLTPVLVAVVCILVVWVFKNADRNLEKKKEEAQVQPWVDEDLKDSTEDLQVEEDAEEWQEAEESVEHIPFSHTRYPEQEMRMRSQEFYELLNKRRSVRFISSEHVPMEVIENVIKAAGTAPSGAHTEPWTFVVVKDPDMKHKIREIIEEEEEINYMKRMGKRWVTDLKKLRTNWIKEYLDTAPVLILIFKQVHGFAANGKKKVHYYNEISVSIACGLLLAALQNAGLVTVTTTPLNCGPRLRVLLGRPSHEKLLVLLPVGYPSRDATVPDLKRKALDQIMVTV
B5RCZ1	6.1.1.21	MAKNIQAIRGMKDYLPGETAIWQRIEGTLKNVLGSYGYSEIRLPIVEQTPLFKRAIGEVTDVVEKEMYTFEDRNGDSLTLRPEGTAGCVRAGIEHGLLYNQEQRLWYIGPMFRHERPQKGRYRQFHQLGAEVFGLQGPDIDAELIMLTARWWRALGISEHVSLELNSIGSLEARANYRDALVAFLEQHQETLDEDCKRRMYTNPLRVLDSKNPDVQALLNDAPALGDYLDDDSREHFAGLCKLLDAAGIAYTVNQRLVRGLDYYNRTVFEWVTNSLGSQGTVCAGGRYDGLVEQLGGRATPAVGFAMGLERLVLLVQAVNPEFIASPVVDIYLVAAGAQTQSAAMTLAERLRDEMPGVKLMTNHGGGNFKKQFARADKWDARIALVLGESEVADGTVVVKDLRSGEQTAVAQDSVAAHLRTLLG
B4TDF3	2.1.2.3;3.5.4.10	MQQRRPVRRALLSVSDKAGIIEFAQALSARGVELLSTGGTARLLAEKGLPVTEVSDYTGFPEMMDGRVKTLHPKIHGGILGRRGQDDAIMEQHHIAPIDMVVVNLYPFAETVAREGCSLEDAVENIDIGGPTMVRSAAKNHKDVAIVVKSSDYDAIIKEMDANEGSLTLDTRFDLAIKAFEHTAAYDSMIANYFGSMVPAYHGESKEAAGRFPRTLNLNFIKKQDMRYGENSHQQAAFYIEENVKEASVATAQQVQGKALSYNNIADTDAALECVKEFNEPACVIVKHANPCGVAVSTTILDAYDRAYKTDPTSAFGGIIAFNRELDAETAQAIISRQFVEVIIAPSATEEALKITAAKQNVRVLTCGQWAQRVPGLDFKRVNGGLLVQDRDLGMVSEAELRVVSKRQPTEQELRDALFCWKVAKFVKSNAIVYAKENMTIGIGAGQMSRVYSAKIAGIKAADEGLEVKGSAMASDAFFPFRDGIDAAAAVGVSCVIQPGGSIRDDEVIAAADEHGIAMIFTDMRHFRH
B0SQQ4	6.1.1.21	MKEQKLTTENYKGTRDFYPEDMRLRNYLFSVMKDVVRSYGYEEYDGPMVESLDLYRAKTGEEIVGKQIYNFIDKGDREVAIRPEMTPTVARMVAKKLRELPRPIRWFSIPNLWRYEQPGHGRLREHWQLNVDMFGVTSSRAELEILSLACDILFAFGAPKNSFKVTISHRSLLDEFLLDGLKVSPNQAHEVSKILDKKNKITQDEYVALVTKTIPNDSSAVSKIDLFLNATVNSLNQIPGIKEETLAAIKGLFEDIKTIGLSDIIHFDPSVVRGFDYYTGFIFEIFDTSPQNKRSLYGGGRYDNLIGLFSNEELTGIGFGLGDVTLQNFLTAHNLLPNFASDTTVFIPLLDDSSFAENHNFAKELRKEKISAEVSLVSQKMGKQLSYAEKKGYRWILLRGEDEIKTNTVTLKDMASRNQFTFSFSEALQKIKEELSK
B2VBM9	2.1.1.177	MKLQLVAVGTKMPDWVQTGFMEYLRRFPKDMPFELTEVPAGKRGKNADIKRILEKEGEMMLAATGKGNRIVTLDIPGQPWETPQLASQLERWKQDGRDVSLLIGGPEGLSPACKAAAEQSWSLSALTLPHPLVRVLVAESLYRAWSITANHPYHRE
Q1EG72	5.5.1.17;4.2.3.113;4.2.3.55;4.2.3.15;4.2.3.16;4.2.3.25	MAAPTLTTDGPRLGQQEMKKMSPSFHPTLWGDFFLSYEAPTEAQEAEMRQRAEVLREEVRNMIKGSHDVPEIVDLIITLQRLNLDYHYEDEINEKLAVVYNSNYDGGNLDLVSRRFYLLRKCGYHVSSDVFLNFKDQYGNFIEVDTRSLLSLYNAAYLRIHGETVLDEAISFTTRCLQDRLEHLESPIAEEVSSALDTPLFRRVGTLEMKDYIPIYEKDAKQNKSILEFAKLNFNLLQLLYSSELKECTTWWKELRVESNLSFVRDRIVEVYFWMSGGCYDPQYSHSRIILTKIVAFITILDDTLDSHANSYESMQLAEAVERWDESAVSLLPEYMKDFYMYLLKTFSSFENELGPDKSYRVFYLKEAVKELVREYTKEIKWRDEDYVPKTLKEHLKVSLISIGGTLVLCSAFVGMGDVVTKKIMEWVMSDAELVKSFGIFVRLSNDIVSTKREQREKHCVSTVQCYMKQHELTMDEACEQIKELTEDSWKFMIEQGLALKEYPIIVPRTVLEFARTVDYMYKEADKYTVSHTIKDMLTSLYVKPVLM
B0K3X0	2.5.1.145	MYIPTISPYAFKIGPIDVHWYGIFMAISIAIGGYYLYRQAMKLNYDEDFLLNLLMIVVISGVVGARLMFVLANYPEWFIKDPVQVLKIYEGGLSWHGAVLGGFLAGLYYCRKKGVRINPLEDFAVLGLSIGNILVRIGNIFNQEVLGRPTEFAFGRWPAQLVGVAMGIILLIRYFYIQKKHMPDGYQFWSFIFYYQLMRGLIEETVRDNPLIWPVYLNEKWGIGFFTLTQLVTPFILILAYWMIRRVLNDPNKQFYN
B7GV73	2.4.1.227	MTDSQQSKPKHVMMMAAGTGGHVFPALAVAKQLQQQGCQVSWLATPTGMENRLLKDQNIPIYQIDIQGVRGNGVIRKLAAPFKILKATFSAMRYMKQLKVDAVAGFGGYVAGPGGLAARLLGIPVLIHEQNAVAGFTNAQLSRVAKVVCEAFPNTFPASEKVVTTGNPVRREITDILSPKWRYDEREQAGKPLNILIVGGSLGAKALNERLPPALKQLEVPLNIFHQCGQQQVEATQALYADAPANLTVQVLPFIEDMAKAYSEADLIICRAGALTVTEVATAGVAAVFVPLPIAVDDHQTANAKFLADVGAAKICQQSTMTPEVLNQLFTTLMNRQLLTEMAVKARQHAQPNATQHVVDLIQKM
Q169U9	1.1.1.37	MARPKIALIGAGQIGGTLAHLAALKELGDVVLFDIAEGIPEGKALDIAESGPSAKFDARMSGTQSYADIAGADVCIVTAGVARKPGMSRDDLLGINLKVMKSVGEGIAAHAPNAFVICITNPLDAMVWALREFSGLPHEKVCGMAGVLDSARFRHFLADEFDVSMKDVTAFVLGGHGDTMVPLVRYSTVAGIPLPDLVKMGWTTQDKLDAIVQRTRDGGAEIVGLLKTGSAFYAPATSAIEMAESYLKDQKRVLPCAAYVDGAYGLKGFYVGVPTVIGAGGVERVVEISMNKDEQAMFDNSVNAVKGLVAACKGIDDSLS
B7N2Q7	2.7.1.11	MIKKIGVLTSGGDAPGMNAAIRGVVRSALTEGLEVMGIYDGYLGLYEDRMVQLDRYSVSDMINRGGTFLGSARFPEFRDENIRAVAIENLKKRGIDALVVIGGDGSYMGAMRLTEMGFPCIGLPGTIDNDIKGTDYTIGFFTALSTVVEAIDRLRDTSSSHQRISVVEVMGRYCGDLTLAAAIAGGCEFVVVPEVEFSREDLVNEIKAGIAKGKKHAIVAITEHMCDVDELAHFIEKETGRETRATVLGHIQRGGSPVPYDRILASRMGAYAIDLLLAGYGGRCVGIQNEQLVHHDIIDAIENMKRPFKGDWLDCAKKLY
O58275	3.3.1.1	MDCGRDYCVKDLSLADEGWKKIDWVSRFMPVLQHIRREFEEKKPFKGVRIAATLHLEMKTAFLLLTLKAGGAEVSAAASNPLSTQDDVVAALAKAGVKVYAIRGESKEQYYEFMHKALDIRPNIIIDDGADMISLVHKERQELLDEIWGGSEETTTGVIRLRAMERDGVLRFSVIAVNDSYMKYLFDNRYGTGQSTWDGVMRATNLLIAGKNVVVVGYGWCGRGIAMRARGLGATVIVVEVDPIKALEARMDGFLVMNMKEAAKIGDIFITATGDIKCIRREHFELMKDGAIMANAGHFDVEIWKPDLEELAVEISNPRPNVTEYKLKDGRRLYLLADGRLVNLVAADGHPAEIMDMSFALQAKAAEYIKDNHGKLEPRVYILPREIDEMVARIKLASMGIEIEELTEEQKKYLESWEHGT
A1S321	2.1.1.172	MLSNPSELVTRNIEQLENQRVMLINIEADELGHHLTRHCSEVAALALDFNHFQAQPSGKSGFRCEFGHQWSRDEKFDVVVVYFPKAKALAPYLFALAAWHLRPDGTLLITGENKGGIRSVDKLLGNAFSPACKIDNARHCLLYSATLVAEATKPNAEDWVSRYRLSLPSGDIQICNMVGVFSDKQLDQGTALLLDNLPKLEGRVLDFGCGAGVIAIALMQQNPGLQLECVDINAMALLSCELSLKANGMEAKVYASDGLAQTDGLFNAIVSNPPFHDGLSSTTDIATRFVADSYKQLHKGGNWQIVANRHLPYSDTIAKVFGEVNTVAENNKYKVYANKKR
Q6HL23	1.17.1.8	MKEMKVIIAGPRGRMGHEAVLLMERTEHFNLVAAVDYKHGGEKISDLPGMPALDAPIYADLHTCLEEVEADVLLDLTTPEVGKQHVTLAVERGLRSVIGTTGFTEEELKQLTETAKEKAVGTIIAPNFAIGAVLMMKFSQMAAKYFQDVEVIELHHDQKLDAPSGTAVKTVELIRQNRESKQQGHPNEVEQLEGARGANVDGIHIHSVRLPGLIAHQEVMFGGDGQMLTVRHDSFNRASFMSGVKLSIETVMNLDHLVYGLENIID
B5FM59	3.2.2.23;4.2.99.18	MPELPEVETSRRGIEPHLVGATILHAHIRNGRLRWPVSDKIYRLSDTPVLSVQRRAKYLLLELPDGWIIIHLGMSGSLRILSEALPAEKHDHVDLVMSNGKILRYTDPRRFGAWLWTKELEGHNVLAHLGPEPLSDEFNGEYLQQKCAKKKTAIKPWLMDNKLVVGVGNIYASESLFAAGIHPDRLASSLSTEECDLLARVIKAVLLRSIEQGGTTLKDFLQSDGKPGYFAQELQVYGRKGEPCRVCGTPIVATKHAQRATFYCRHCQK
Q0TC78	4.2.3.4	MERIVVTLGERSYPITIASGLFNEPASFLPLKSGEQVMLVTNETLAPLYLDKVRGVLEQAGVNVDSVILPDGEQYKSLAVLDTVFTALLQKPHGRDTTLVALGGGVVGDLTGFAAASYQRGVRFIQVPTTLLSQVDSSVGGKTAVNHPLGKNMIGAFYQPASVVVDLDCLKTLPPRELASGLAEVIKYGIILDGAFFNWLEENLDALLRLDGPAMAYCIRRCCELKPQVVAADERETGLRALLNLGHTFGHAIEAEMGYGNWLHGEAVAAGMVMAARTSERLGQFSSAETQRIITLLTRAGLPVNGPREMSAQAYLPHMLRDKKVLAGEMRLILPLAIGKSEVRSGVSHELVLNAIADCQSA
Q3M4T0	2.4.2.18	MTTSPIPTQESSTSWYLLLQQLIDGESLSRSQAAELMQGWLSEAVPPELSGAILTALNFKGVSADELTGMAEVLQSQSKLGSGENSSQLPITNYQFPIIDTCGTGGDGSSTFNISTAVAFVAAAYGVPVAKHGNRSASSLTGSADVLEALGVNLGASSEKVQAALQEVGITFLFAPGWHPALKAVATLRRTLRIRTVFNLLGPLVNPLRPTGQVVGLFTPKLLTTVAQALDNLGKQKAIVLHGRERLDEAGLGDLTDLAVLSDGKLQLTTINPQEVGVTPAPIGALRGGDVQENAEILKAVLQGQGTQAQQDAVALNAALALQVAGAVPLLDHAKGVSVAKEILQTGTAWAKLEQLVHFLKS
Q3K506	7.6.2.14	MTAQQPPRLLRGIPLAVRNLQKTFGSRQVLRGIDLHIPAGQFVAVVGRSGCGKSTLLRLLAGLDQPTGGDLLAGSAPLTDARDDTRLMFQEARLLPWKKIIDNVGLGLKGNWRAQALQALDAVGLADRANEWPAALSGGQKQRVALARALIHQPRLLLLDEPLGALDALTRIEMQQLIERLWQQHGFTVLLVTHDVSEAVAIADRVILIEDGEVGLDLPVELPRPRVRGSHRLAALETEVLNRVLSLPGEPPAPEPVSPLPTQLRWAQ
A8YZL6	4.3.3.6;3.5.1.2	MKIGVLALQGAVREHIRHIELSGHEGIAVKKVEQLEEIEGLILPGGESTTLRRLMNLYGFKEALQNSTLPMFGTCAGLIVLAQDIVGEEGYLNKLNITVQRNSFGRQVDSFETELDIKGIATDIEGVFIRAPHIEKVGQGVDILCKVNEKIVAVQQGKYLGVSFHPELTDDYRVTDYFINHIVKKA
A0KR77	5.4.2.12	MTTTKRPIALLILDGWGYRENTHMNAIYHANTPVLDRLNAQYAHGLISGSGLDVGLPDGQMGNSEVGHINLGSGRIVYQELTRISKAIADHEFEQNPALCDAVDAAVKAGGAVHIMGLLSPGGVHSHEEHIEAMCRMAVARGATKVYLHAFLDGRDTPPRSAKGSLSHFDDLFTTLGHGRIASIIGRYFAMDRDNRWDRVSQAYELITQGKAKFQYDNAVTALEAAYERNENDEFVSSSAITDSEGKVASLNDGDALIFMNFRADRARQITRSFINADFDGFERAVTPKVNFVTLTEYAADIKAPIAYPSENLVNTLGEVLQNRGRTQLRISETEKYAHVTFFFNGGKEEPFNGEDRILINSPKVATYDLQPEMSSTELTDKLVAAIESAQYDVIICNYPNGDMVGHTGNFDAAVKACEAVDACIGRVVDALAKVGGECIITADHGNAEQMTDETTGQAHTAHTSELVPFVFVGRDATIDEGGKLSDVAPTILHLMGETIPAEMTGKPLIHVKE
B7UNN8	3.6.1.26	MKKAGLLFLVMIVIAVVAAGIGYWKLTGEESDTLRKIVLEQCLPNQQENQNPSPCAEVKPNAGYVVLKDRHGPLQYLLMPTYRINGTESPLLTDPSTPNFFWLAWQARDFMSQKYGQPVPDRAVSLAINSRTGRTQNHFHIHISCIRPDVREQLDNNLANISSRWLPLPGGLRGHEYLARRVTESELVQRSPFMMLAEEVPEAREHMGSYGLAMVRQSDNSFVLLATQRNLLTLNRASAEEIQDHQCEILR
P72065	5.6.2.2	RPDRSHAKSARSVAETMGNYHPHGDASIYDTLVRMAQPWSMRYPLVDGQGNFGSPGNDPPAAMRYCITGDALVALPEGESVRIADIVPGARPNSDNAIDLKVLDRHGNPVLADRLFHSGEHPVYTVRTVEGLRVTGTANHPLLCLVDVAGVPTLLWKLIDEIKPGDYAVIQRSAFSVDCAGFARGKPEFAPTTYTVGVPGLVRFLEAHHRDPDAQAIADELTDGRFYYAKVASVTDAGVQPVYSLRVDTADHAFITNGFVSHNTEAPLTPLAMEMLREIDEETVDFIPNYDGRVQEPTVLPSRFPNLLANGSGGIAVGMATNIPPHN
Q814U0	2.7.1.21	MYLINQNGWIEVICGSMFSGKSEELIRRVRRTQFAKQHAIVFKPCIDNRYSEEDVVSHNGLKVKAVPVSASKDIFEHITEELDVIAIDEVQFFDGDIVEVVQVLANRGYRVIVAGLDQDFRGLPFGQVPQLMAIAEHVTKLQAVCSVCGSPASRTQRLIDGEPAAFDDPIILVGASESYEPRCRHCHAVPANKDK
Q0AB55	6.3.4.4	MAKNVVVVGSQWGDEGKGKVVDLLTEHTGAVVRFQGGHNAGHTLVIDGEQTILHLIPSGVLREGVQCLIGNGVVLAPDALLEEVQELEGKGVPARERLRISPACPLILPCHVALDKAREAARGQARIGTTGRGIGPAYEDKVSRRGIRVADLFHRERLAAKLGELLDYHNFVLQHYFHEQPIDFQDVLERCLTYADELRPMVADIGQLLQEHMDAGRDLLFEGAQGTLLDIDHGTYPFVTSSNTVAGAAATGTGIGPRDLHYVLGITKAYTTRVGSGPFPTELEDEIGDLLGERGREFGATTGRKRRCGWFDAVALRRAAQINSLSGLCITKLDVLDELETLRICIGYQCGDQLWESLPPGAELLADCEPQYIDLPGWQSSTLGVQQWDDLPENARAYLRKLEELIGVPVAIVSTGPDRKETIVLQNPFESA
Q98PN5	2.7.4.8	MINIHKRNIVLLVGPSGVGKGTIEKILFESKTLKLSLSRSATTRKKREGEINGIHYFFISKEEFESKIENDEFMEWNEHFDNYYGTLLSEILLIFSQGRIPVLEVETYGAKKILQKYKDKKDFNWITIFVDPPSFEELENRIIKRGTDTKEKIAIRMAKAKEELKDRDLFEFKITNHTPEQAAEEIEKIILKKTMG
A3QEC1	2.7.4.25	MSQRAPIVTIDGPSGAGKGTISQILASRLGWKLLDSGAIYRVLALAAIHHNVELDNEASLALLAAHLDVQFITANGNGIKVVLEGEDVSHAIRSQECSNAASKVAAFPRVREALLRRQRAFAEAPGLIADGRDMGTVVFPTSPAKLYLTASAEERAQRRYNQLQDKGFDVNIDRLLAEVVERDERDMNRPVAPLVPAEDALVIDTTGIGIDEVVELALSHIKEKLPDLVL
Q475X0	2.1.1.163;2.1.1.201	MSETHFGFEKVDETEKAGKVAGVFHSVASKYDVMNDLMSGGMHRLWKMFTIAQANVRPGHKVLDIAGGTGDLAKAFAKQAGPTGQVWLTDINESMLRVGRDRLLDKGVVTPVALCDAEHIPFPDNYFDLVTVAFGLRNMTHKDAALAEMRRVVKPGGKVMVLEFSKVWKPLEKAYDVYSFQVLPWLGQKVAGDAASYRYLAESIRMHPDQTSLVRLMEQVGLEKVEYFNLTAGVVALHVGRKY
Q6GNG3	5.3.4.1	MAAAGLCFILAIVSSTSLLASVPVSALVEDLDDSFKENRKDDIWLVDFYAPWCGHCKKLEPVWNEVGIEIRTSGSPIRVGKIDATVYSSIASEFGVRGFPTIKALKGDMAYNYRGPRTKEDIVEFANRVAGPLIRPLPSQQMFDHVKKRHPVLFVYVGVESTLKEKFIEVASELIVYTYFFSASEDVLPKYVTLNEVPAVLVFKDSTYFVYDEYEDGDLSSWVNKERFEGYLHIDGFTLYELGDTGKLVAVAVIDEKNNSIEHTRIKSIAQDVAKNNRNNFHRDFQFGHMDGNDYINSLLMDELSIPTFVVLNTSNQQYFLPSKHIENPEEMIQFINSILDGTAEAQGGDGILQRIKRVFYDAKSTVVSVFKSSPLLGCFLFGLPLGVISIMCYGICTADTEDGSEEMTRKDVIDQNASDEGSDEEEEKGREITDVSDEDQQEKDFMEKKID
Q4WAJ6	3.2.1.4	MAQTLAAASLVLVPLVTAQQIGSIAENHPELKTYRCGSQAGCVAQSTSVVLDINAHWIHQMGAQTSCTTSSGLDPSLCPDKVTCSQNCVVEGITDYSSFGVQNSGDAITLRQYQVQNGQIKTLRPRVYLLAEDGINYSKLQLLNQEFTFDVDASKLPCGMNGALYLSEMDASGGRSALNPAGATYGTGYCDAQCFNPGPWINGEANTLGAGACCQEMDLWEANSRSTIFSPHPCTTAGLYACTGAECYSICDGYGCTYNPYELGAKDYYGYGLTVDTAKPITVVTQFVTADNTATGTLAEIRRLYVQEGMVIGNSAVAMTEAFCSSSRTFEALGGLQRMGEALGRGMVPVFSIWDDPSLWMHWLDSDGAGPCGSTEGDPAFIQANYPNTAVTFSKVRWGDIDSTYSV
Q8E9Q2	3.5.1.108	MIFQRTVQKMVKATGVGLHSGNKVTLSIMPAPVNTGIVLVRTDMSPAVAIPAKAEQVRETTMCTALVNDEGIRISTIEHLFAALAGLGIDNAVIEVDAPEIPIMDGSASPFVFLLQSAGIKEQSAPKKYLKIKRPVRVEDGDKWAELKPFKGFRVNFKIDFAHPEIARSQQHVVMDFSTSAFVKDISRARTFGFMRDIEYLRANNLALGGSMENAVVLDEYRVLNPDGLRYEDEFVKHKILDAFGDLYVAGHAILGEFTAYKTGHALNNQLVRALLAQQDAWELVSFEKEADAPVSFTVPGGVVFA
Q94714	3.4.22.15	MMLLGASLYLNNTQEVSDEIDTANLYANWKMKYNRRYTNQRDEMYRYKVFTDNLNYIRAFYESPEEATFTLELNQFADMSQQEFAQTYLSLKVPRTAKLNAANSNFQYKGAEVDWTDNKKVKYPAVKNQGSCGSCWAFSAVGALEINTDIELNRKYELSEQDLVDCSGPYDNDGCNGGWMDSAFEYVADNGLAEAKDYPYTAKDGTCKTSVKRPYTHVQGFKDIDSCDELAQTIQERTVAVAVDANPWQFYRSGVLSKCTKNLNHGVVLVGVQADGAWKIRNSWGSSWGEAGHIRLAGGDTCGICAAPSFPILG
Q53LU4	1.10.3.2	MEKLSTAASLFCVVVAATALAMAVVGGEAAVVEQTFMVHEMNVTHLCNTTKIYVVNGRFPGPTVDVTEGDTVVVHVINRLPHGLTIHWHGVRQMRSCWADGAGYVTECPIHPGGEKTYRFNVTGQVGTLWWHAHVTCLRATINGAFIIRPRNGKYPFLTPAKDVPIIIGEWWELDLIELDRRMLDGNFDDNPLSATINGKLGDLSNCSSTVEESFVLDVKRGESYLLRVINTALFSEYYFKVAGHTFTVVGADGNYLTPYKTDMVTVAPGEAIDVLMFTDAPPAYYHMVALANQPPPPDLQIPQLTSRGLIRYAGAAMDSNNLPMPMPVMPDQHNTMPSYYFRRNLTGLALPEQQQRHRVPAHVDERLLITLGLGSICRGGNTTTCKRGRSPETVVVATMNNVSFHHTNATALLEHYYDGRPEGVYTEDFPVRPPRPFNYTDRELIPAGPLEAALEPTAKAMRLRRFRYNASVEIVFQSTTLLQSDSNPMHLHGYDVFVLAQGLGNFDPKRDVEKFNYHNPQLRNTVQVPRGGWAAVRFLADNPGMWYLHCHFEFHIIMGMATAFIVEDGPTPETSLPPPPPEFKRCGTNGLSQP
A2BTV9	6.3.5.3	MIDSLNNYNYDVNDSLKVENLTTEDYEEICKRLGRKPNRTELGMFGVMWSEHCCYRNSKPLLANFPTTGKNVLVGPGENAGVIDVGNDQKLVFKIESHNHPSAIEPFQGAATGVGGILRDIFTMGARPIAVLNSLRFGNLDKSSNISLLRGVVSGISHYGNCVGVPTVGGEIYFDDSYSGNPLVNVMALGLLETDEIVCSGAKEVGYPVLYVGNTTGKDGVGGASFASSELNTNSLDNRPAVQVGDPFIEKSLIEACLDAFKTGDVIAAQDMGAAGLTCSSAEMAANGGLGISINLDLVPARENDMTAYQYLLSESQERMLLVVKEEKLNILIEQFKKWGLFANVIGEVISKKEVIISQKNQIVAQIPTSALSDETPINIHKVIKEPPDYLQKKWKWSEDELPIITNNKILSFKDKKQYSLSEIILNLLSNPSIASKSWIYKQYDSQVQSNTVFKPGEADAALLRLRAQDERNKNNNFSGVAASVDCNSRWVLLDPYRGSIAAVAESARNVSCVGAEPLAITNNLNFSSPNTEIGYWQLSSACDGISKACIALETPVTGGNVSLYNESKNKNNQVTPIYPTPVIGMVGKIQNVDKAVSSGWKNINDQIWLIGSYRSESSIGGSSYLDYFHGLITGRPPKINLQDEKYCQTFLRDAISKNYISSSHDISDGGLAIALSECCILSSKGANIQLEEKNARKDNILFSEGGSRIIFSLNKMEETNFLNFVSINNKNFGSNIYVKKIGFVSEANLTINVQDEELCNLRVDELAEKFNNSISNSF
C3MIE1	1.8.4.10	MTTQSLEAEAKALNDRLEGLDLAGRLALVAGLEGRAVFTTSLGIEDQVITAALGSNRLDIEVATLKTGRLFNETVALIEATEEAYDILIKRYYPEKADIEDYVAQYGMNGFYESVEARHACCGVRKLRPLARALEGASYWITGLRRGQSGNRAATPYAEADLERGLIKINPLADWDIDVIRAHVAAEAIPVNPLHGRGYPSIGCEPCTRAIKPGEPERAGRWWWENDEKRECGLHVAEAASSIIPNASSAA
Q43785	6.3.1.2	MSLLSDLINLNLSESSEKIIAEYIWVGGSGMDLRSKARTLPGPVSDPAKLPKWNYDGSSTNQAPGQDSEVILYPQAIFKDPFRQGNNILVICDVYTPAGEPLPTNKRHNAAKIFSHPDVAAEVPWYGIEQEYTLLQKDTNWPLGWPIGGFPGPQGPYYCGIGADKAYGRDIVDAHYKACLYAGINISGINGEVMPGQWEFQVGPSVGISAGDEIWAARYILERITEIAGVVVSFDPKPIPGDWNGAGAHTNYSTKSMREDGGYEIIKKAIEKLGLRHKEHIAAYGEGNERRLTGKHETTDINTFSWGVANRGASVRVGRDTEKDGKGYFEDRRPSSNMDPYVVTSMIAETTLLWKP
B8E9A0	5.3.1.16	MIIPAIDLIDGNVVRLYQGDYGQQTTFDLSPLAQLQSYEAQGAKWLHIVDLTGAKDPAKRQTLLISQLVAGLNANIQVGGGIRTEEQVTELLNIGVKRVVIGSLAVKEPELVKQWFIKYGSEAICLALDVNINQSGEKIVAVSGWQSGGGKSLESLVETFSAVGLKHALVTDISRDGTLTGANTALYQEIAASYPDIAWQASGGIATLADVAAVRDSGAAGIIIGKALLINQFNVVEAIQCWPND
Q14FN2	4.2.1.20	MSKLNAYFGEYGGQFVPQILVPALDQLEQEFIKAQADESFKQEFKELLQEYAGRPTALTKTRNIVKNTRTKLYLKREDLLHGGAHKTNQVLGQALLAKRMGKKEIIAETGAGQHGVATALACALLDLKCRVYMGAKDVERQSPNVFRMKLMGAEVIPVHSGSATLKDACNEALRDWSANYSKAHYLLGTAAGPHPFPTIVREFQRMIGEETKQQMLAKEGRLPDAVIACVGGGSNAIGMFADFIDEKNVKLIGVEPAGKGIETGEHGAPLKHGKTGIFFGMKAPLMQNSDGQIEESYSISAGLDFPSVGPQHAHLLAIGRAKYASATDDEALDAFKLLCKKEGIIPALESSHALAHALKLAYEDPNKEQLLVVNLSGRGDKDIFTVHDILKEKGEI
A7N2T8	4.2.3.3	MQKTTRTMPAHKHVALVAHDNCKPELLRWVKENKEKLQSHFLYATGTTGHMLSKETGLAIKSMISGPMGGDQQLGALISEGNIDVLVFFWDPLNAVPHDPDVKALLRIASVWNIPVATNRATAKFLFNSPLIDQEVDIEVPDYDAYLAERT
A0LUH1	4.2.3.5	MLRWLTAGESHGPALVAVLEGLPAGVEITTSVLGDALARRRMGYGRGARMTFERDEVEFLGGIRHGVTMGGPVAIRIANTEWPKWREVMAADPVPPEQLADLARAAPLTRPRPGHADLVGMQKYHLTDIRPILERASARETAARVALGTVAAAFLRQAAGIEVLSHVVAIGPVCAPAEPLPTPADRERIDADPVRCLDPQASAAMVAEIDAAKKDGDTLGGVVEVLGYGLPPGLGSHVHWDRRLDARLAAALMSIQAIKGVEVGDGFATARRRGSAAHDEIEAGADGVRRRTNRSGGTEGGMSTGEVLRVRAAMKPISTVPRALDTIDVTTGEPAKAINQRSDVCAVPAAGVVAEAMVELVLADALLEKFGGDHVVETRRNLQAYLDTLVVR
A0AXY5	5.6.1.7	MAAKEILFSDIARSKLTEGVNILANAVKVTLGPKGRNVVLERSFGAPVVTKDGVSVAKEIELADKLQNIGAQLVKEVASRTSDAAGDGTTTATVLAQAIVREGQKYVAAGLNPLDLKRGIDKAVASAVEELKKISKPTTTSKEIAQVATISANGEESIGQRIAEAIDRVGKEGVITVEDGKSLADELDVVEGLQFDRGYLSPYFINNPDKQIAEIESPYILLHDKKISNIRDLLPVLEQVAKSGRPLLIIAEDVEGEALATLVVNNIRGILKTVAVKAPGFGDRRKALLEDIAILTGGQVIAEETGLTLEKTTLAELGQAKRIEVGKENTTVIDGAGDAKNIEARVKQIRVQIEEATSDYDREKLQERVAKLAGGVAVIKVGGATEIEVKEKKDRVDDALHATRAAVEEGIVPGGGVALIRVRQAIRELKGANADQDAGIKIVLRALEEPLRQIVTNAGEEASVVVAKVAEGTGNFGYNAQTGEYGDLVESGVLDPTKVTRTALQNAASVAGLLLTTDATVYEAPKDAAPAAAPGGPGAGGPGFDF
Q8ZC05	2.4.2.22	MNEKYVVTWDMLQIHARKLAQRLLPAEQWKGIIAVSRGGLVPAGILARELGIRYVDTVCISSYDHDNQRDLKVLKRAEGDGEGFIVIDDLVDTGGTATAIREMYPKAHFVTIFAKPAGRPLVDDYVVDIPQNTWIEQPWDMAVTFVAPLSGK
P08872	3.1.1.4	MYPAHLLVLLAVCVSLLGASDIPPLPLNLYQFDNMIQCANKGKRATWHYMDYGCYCGSGGSGTPVDALDRCCKAHDDCYGVAEDNGCYPKWTLYSWQCTENVPTCNSESGCQKSVCACDATAAKCFAEAPYNNKNYNINTSNCQ
Q7SY24	2.7.11.13	MAEPANSDGEERSAPMRGFARQGALRQKNVHEVKNHKFIARFFKQPTFCSHCTDFIWGFGKQGFQCQVCCFVVHKRCHEFVTFSCPGADKGPASDDPRSKHKFKVHTYSSPTFCDHCGSLLYGLIHQGMRCDHCMMNIHKRCVANVPSLCGTDHTERRGRIQITAEIKNNVLTVSIKEAKNLVPMDPNGLSDPYVKLKLIPDPKSESKQKTKTIKCCLNPTWNETFTFNLKESDKDRRLSVEIWDWDLTSRNDFMGSLSFGISELQKQGVDGWFKLLSQEEGEYFNVPVPPEGEEGNEELRQKFERAKIGPSKTDGSSSNAISKFDSNGNRDRMKLSDFNFLMVLGKGSFGKVMLAERKGADELFAIKILKKDVVIQDDDVECTMVEKRVLALSGKPPFLTQLHSCFQTMDRLYFVMEYINGGDLMYHIQQVGKFKEPHAVFYAAEIAIGLFFLHSKGVIYRDLKLDNVMLDAEGHIKIADFGMCKENMLDGVTTKTFCGTPDYIAPEIIAYQPYGKSVDWWAFGVLLYEMLAGQPPFDGEDEDELFQSIMEHHVSYPKSMSKEAVAICKGLMTKHPGKRLGCGPEGERDIREHGFFRYMDWEKLEHREVQPPFKPKACGRDAENFDRFFTRHPPVLTPPDQEVIMNLDQDEFEGFSFINPEFPAMEAQS
Q57AH7	4.2.1.19	MTAESTRKASIERSTKETSIAVSVDLDGVGKFDITTGVGFFDHMLEQLSRHSLIDMRVMAKGDLHIDDHHTVEDTGIALGQAVAKALGERRGIVRYASLDLAMDDTLTGAAVDVSGRAFLVWNVNFTTAKIGTFDTELVREFFQAFAMNAGITLHINNHYGANNHHIAESTFKAVARVLRAALETDPRQKDAIPSTKGSLKG
O26284	2.3.1.35;2.3.1.1	MYTMELRFIRGGVCAVDGVLAAGCREGKYGVGLIINRGSTAAAVFTSNRVRAEPVKLTERVIADGSISAIVANSGNANCFTGREGMDDARRMARKVAESLSMDESEVAVASTGVIGRRMPIDKIEFLIQSAAAQLENSEAASGALAEAIMTTDTFPKEVAVEFELETGEKARIGAVAKGSGMIAPNMATMLSFITTDVDASSSELTEALRVAVDESFNMLIVDGDESTNDMVIISSTRTSGRIDSNFREALVAVCRELARMMARDGEGVTKSFQVDVVNAGTHEDAKMAARAIAGSSLVKTAIFGADPNWGRIVAAAGYSGAEFDPEEISVTLESDSESVVIVDHGDILAFEGTEELETAERVMTSKEIRIIVDLAAGDESATAYGCDLTYDYVRINAEYTT
Q1QTQ7	1.2.1.71	MQAKQQLLIDGAWVDGDAARFAKTDPVSGETLWTATAASATQVEHAVAAARQAFPDWARRSFAERQAVVERFRECLETHREHLATAIAQETGKPLWEARTEVGAMIGKVAISITAYHERTGERARDIGDARAVLRHRPHGVLAVYGPYNFPGHLPNGHIVPALLAGNAVVFKPSEQTPMTADLTLQCWLEAGLPAGVINLVQGAAEVGQALAGSADIDGLLFTGSAKVGGLLHRQFGGQVDKILALELGGNNPLVVKDVPDREAAVLSILQSAFASGGQRCTCARRLIVPHGAVGDDLIDALTSAIAELRVAAPFSEPAPFYAGLTSVEAADGLLAAQDDLVARGGRPLSRMRRLQAGTSLLSPGLIDVTGCDVPDEEHFGPLLKVHRYRDWDEAIALANDTRYGLSAGLIGGERADWDDFLLRIRAGIVNWNRQTTGASSDAPFGGIGDSGNHRPSAYYAADYCAYPVASMEAETLVLPETLPPGVVL
B6EGZ6	6.3.5.2	MTTNIHAQRILILDFGSQYTQLVARRIREIGVYCELWSWDVEESDIRDFNPDGIILSGGPESVTEANSPRAPQYVFDSGVPVFGVCYGMQTMAEQLGGKVATSTEREFGYAAVQVTGESALFKDLEATQDVWMSHGDKVVEIPSDFVKIAETETCPYAAMANEEKKYYGVQFHPEVTHTKNGLKMLENFVLNVCGCEGLWTSASIIEDAIARIKEQVGDDEVILGLSGGVDSSVVAMLAHRAIGDKLTCVFVDNGLLRLNEAEQVMEMFSEGFGLKIIHVEAEERFLSALSGESDPEAKRKIIGHVFVDIFDEESKKLSNAKWLAQGTIYPDVIESAASKTGKAHVIKSHHNVGGLPDDMEMGLVEPLRELFKDEVRKIGLELGLPYNMLYRHPFPGPGLGVRVLGEVKKEYCDLLRRADAIFIEELHNADLYNKVSQAFTVFLPVRSVGVMGDGRKYDWVVSLRAVETIDFMTAHWAHLPYDFLGKVSNRIINEVGGISRVVYDISGKPPATIEWE
Q37643	7.1.1.9	MAHPFQLGFQDATSPIMEELLHFHDHTLMIVFLISSLVLYIISLLLTTSLTHTSTMDAQEVETIWTILPAIILIMIALPSLRILYMMDEINNPSLTVKTMGHQWYWSYEYTDYEDLSFDSYMIPTSDLKPGELRLLEVDNRVVLPMEMTIRMLISSEDVLHSWAVPSLGLKTDAIPGRLNQTTLLSNRPGLYYGQCSEICGSNHSFMPIVLELVPLKHFEKWSSSMV
A4TN37	2.3.2.6	MRVTQLSSQSFIFPSPELALREPNGLLALGGDLTAPRLLAAYQRGIFPWFNPGEMILWWSPDPRAVLFPEDLHISRSMRRFIRHCPYRFTLNHAFADVISACATERDEGTWIGRDVQQAYCQLHALGHAHSLEVWLENELVGGLYGVAVGAVFCGESMFSRADNASKSALMVFCHHFTQHGGELIDCQVLNAHTASLGAVEIPRNFFLQQLSQLQFSPLPAECWLPQSLNFSSAMQ
A8GA77	3.1.26.4	MLKQVEIFTDGSCLGNPGPGGYGAILRYKQTEKTFSAGFRLTTNNRMEMMAAIVALEALTTPCEVTLSTDSQYVRQGITTWIHNWKKRGWKTADKKPVKNVDLWQRLDLAIQRHTVKWEWVKGHAGHPENERCDVLARDAASNPTQDDVGYKPES
Q89AY0	4.3.3.7	MLRGSIVALITPMNEYGHVCETSLEKLINYHINNGTKAIVSVGTTGESSTLSQEEHINVVMLTLEITNKRLPIIAGTGANATSEAILLTKKFENTGISACLTVTPYYNRPTQKGLYQHFKAISENTKIPQILYNVPIRTGCDLIPETIIKLSKFKNIIGIKEATGDLSRVQKIKNSVHKNFFIISGDDTTFLDFIQLGGHGVISVTANIAAKIMSNICHLALNKNFKLARFMNNKLIPLHQGLFHEPNPIPIKWLAKKIGLIASDTLRLPMTPVSNKTRLILEKALYFSKITAK
Q6GC24	3.5.1.28	MQKKVIAAIIGTSAISAVAATQANAATTHTVKPGESVWAISNKYGISIAKLKSLNNLTSNLIFPNQVLKVSGSSNSTSNSSRPSTNSGGGSYYTVQAGDSLSLIASKYGTTYQNIMRLNGLNNFFIYPGQKLKVSGTASSSNAASNSSRPSTNSGGGSYYTVQAGDSLSLIASKYGTTYQKIMSLNGLNNFFIYPGQKLKVTGNASTNSGSATTTNRGYNTPVFSHQNLYTWGQCTYHVFNRRAEIGKGISTYWWNANNWDNAAAADGYTIDNRPTVGSIAQTDVGYYGHVMFVERVNNDGSILVSEMNYSAAPGILTYRTVPAYQVNNYRYIH
